STATEFP,COUNTYFP,COUNTYNS,GEOIDFQ,GEOID,NAME,NAMELSAD,STUSPS,STATE_NAME,LSAD,ALAND,AWATER,county_name,maternal_mortality_rate,prenatal_care_access_percent,median_income,obesity_rate_percent,mortality_norm,prenatal_norm,income_norm,obesity_norm,maternal_risk_score,maternal_risk_score_pct,maternal_mortality_rate_pct,prenatal_care_access_percent_pct,median_income_pct,obesity_rate_percent_pct
48,059,01383815,0500000US48059,48059,Callahan,Callahan County,TX,Texas,06,2329363241,4898783,Callahan,27.483570765056164,59.80630034045987,55388.173023558615,44.800422691343975,0.48149409449104624,0.7275542703034414,0.4848433394099618,1.0,0.6078325867694433,96.06299212598425,70.47244094488188,94.88188976377953,46.062992125984245,100.0
48,047,01383809,0500000US48047,48047,Brooks,Brooks County,TX,Texas,06,2443277014,741627,Brooks,24.308678494144075,70.15765927133748,48352.3990687117,31.51970050137675,0.38338969119385874,0.5637707847328612,0.6498700611949091,0.4670618587946088,0.49916731001584463,70.07874015748031,44.09448818897638,64.96062992125984,77.55905511811024,37.79527559055118
48,131,01383851,0500000US48131,48131,Duval,Duval County,TX,Texas,06,4645084668,5478267,Duval,28.23844269050346,87.66911149186623,57163.65460623871,37.74636663142838,0.5048196921783439,0.2866973394748178,0.44319875175555046,0.7169298874898519,0.4482698178138782,41.732283464566926,75.98425196850394,11.811023622047244,35.82677165354331,84.25196850393701
48,283,01383924,0500000US48283,48283,La Salle,La Salle County,TX,Texas,06,3850545747,19503739,La Salle,32.61514928204013,67.92330534381219,54598.09512440691,28.48411787437056,0.6400602458511211,0.5991236574032113,0.5033749134043087,0.3452478685935195,0.5709609651016254,89.76377952755905,93.7007874015748,74.80314960629921,50.0,15.354330708661418
48,109,01383840,0500000US48109,48109,Culberson,Culberson County,TX,Texas,06,9873439555,556134,Culberson,23.829233126383322,79.43819428146229,53088.41562506872,31.82505754751519,0.3685747942763464,0.4169303184648083,0.5387850133194845,0.47931544065899917,0.42819755997977793,35.039370078740156,40.94488188976378,32.677165354330704,55.90551181102362,42.51968503937008
48,375,01383973,0500000US48375,48375,Potter,Potter County,TX,Texas,06,2352718727,35190085,Potter,23.8293152152541,82.74634053429337,47739.490703667216,40.85400317817755,0.3685773308284552,0.364587459166431,0.6642460571957731,0.8416353079539276,0.47381991231585874,55.51181102362205,41.338582677165356,21.259842519685034,79.92125984251969,94.09448818897637
48,145,01383858,0500000US48145,48145,Falls,Falls County,TX,Texas,06,1982623104,21693054,Falls,32.896064077536955,65.73069528421917,50385.82935545334,28.865164711061162,0.6487405335705059,0.6338160413167905,0.6021751897631706,0.3605387834965881,0.6061299421255324,95.66929133858267,95.2755905511811,82.67716535433071,70.86614173228347,19.68503937007874
48,501,01384036,0500000US48501,48501,Yoakum,Yoakum County,TX,Texas,06,2071252477,34329,Yoakum,28.837173645764544,74.404746439382,61043.12980660605,41.062242789984644,0.5233205224709475,0.49657161363374436,0.3522042032280811,0.8499916932509293,0.5137397030492115,74.80314960629921,79.52755905511812,51.96850393700787,18.89763779527559,96.06299212598425
48,303,01383937,0500000US48303,48303,Lubbock,Lubbock County,TX,Texas,06,2319597736,13210797,Lubbock,22.65262807032524,42.58732659930927,59007.33750099505,35.538759677277376,0.33221761201898714,1.0,0.399954476699923,0.628341486209527,0.5757120887685322,90.94488188976378,32.677165354330704,99.60629921259843,26.77165354330708,73.62204724409449
48,193,01383882,0500000US48193,48193,Hamilton,Hamilton County,TX,Texas,06,2165008743,1238628,Hamilton,27.712800217929825,64.7561235866571,47179.55804161159,29.18766612052866,0.48857730134450295,0.6492361181039086,0.677379488177549,0.37348034640553646,0.5630256882450373,87.4015748031496,73.22834645669292,85.8267716535433,81.88976377952756,22.04724409448819
48,153,01383862,0500000US48153,48153,Floyd,Floyd County,TX,Texas,06,2569637283,983737,Floyd,22.682911535937688,72.4743184860684,55794.65844343381,35.1620386952776,0.33315337332052786,0.5271156437410818,0.47530907115093546,0.6132241622396228,0.4477802729046851,40.94488188976378,33.46456692913386,60.23622047244095,43.7007874015748,68.50393700787401
48,255,01383913,0500000US48255,48255,Karnes,Karnes County,TX,Texas,06,1936669679,15010315,Karnes,22.671351232148716,62.52216818035151,61011.09698697431,36.86277224813365,0.33279615908823973,0.6845826852065673,0.35295554504879323,0.6814723919201943,0.47723161739904413,57.48031496062992,33.07086614173229,90.15748031496062,19.291338582677163,79.52755905511812
48,461,01384016,0500000US48461,48461,Upton,Upton County,TX,Texas,06,3215010597,464309,Upton,26.20981135783017,91.32411303931636,41644.75775102903,35.10904981108598,0.4421348356793492,0.2288663921369214,0.8072003086801725,0.6110977871041681,0.46806369235926737,51.181102362204726,58.661417322834644,5.118110236220474,94.09448818897637,68.11023622047244
48,383,01383977,0500000US48383,48383,Reagan,Reagan County,TX,Texas,06,3044049119,1792716,Reagan,15.43359877671101,60.69858622039367,59346.88153903948,24.148876400547717,0.10914907904117925,0.7134361537820408,0.3919903437047897,0.1712802560128539,0.3532165720933273,9.05511811023622,2.3622047244094486,93.30708661417323,25.590551181102363,2.7559055118110236
48,179,01383875,0500000US48179,48179,Gray,Gray County,TX,Texas,06,2398261679,8700790,Gray,16.375410837434835,70.59955513303017,49699.009928433225,28.364314120875658,0.13825114057628188,0.5567789255025382,0.6182847974945649,0.3404402994881861,0.3800351233290058,16.141732283464567,3.543307086614173,63.38582677165354,73.22834645669292,14.960629921259844
48,341,01383956,0500000US48341,48341,Moore,Moore County,TX,Texas,06,2330207191,25699789,Moore,22.188562353795135,76.30740577286092,59564.789348745275,30.762406822242475,0.3178779474489548,0.46646695012323514,0.3868792341498398,0.43667264652652144,0.38813437549917257,18.503937007874015,28.74015748031496,41.73228346456693,25.196850393700785,34.25196850393701
48,503,01384037,0500000US48503,48503,Young,Young County,TX,Texas,06,2368539759,42371869,Young,19.93584439832788,89.41273289066116,48893.92674765986,31.62783285449977,0.248268797921974,0.25910903999481194,0.6371683260075438,0.47140106975416646,0.35161400334415854,8.661417322834646,15.354330708661418,9.055118110236215,75.19685039370079,39.37007874015748
48,233,01383902,0500000US48233,48233,Hutchinson,Hutchinson County,TX,Texas,06,2298418617,19497034,Hutchinson,26.571236662976368,60.6413784882056,40560.943194683845,35.10336048775339,0.45330290403326706,0.7143413181997678,0.8326215863397877,0.6108694819443871,0.6232348225356334,96.8503937007874,62.59842519685039,93.7007874015748,96.06299212598425,67.71653543307087
48,207,01383889,0500000US48207,48207,Haskell,Haskell County,TX,Texas,06,2339103809,18465208,Haskell,20.459879622393945,86.63163752154959,41979.660496934695,32.88850500466627,0.26446152465942013,0.3031126820575526,0.7993450389361074,0.5219902066074837,0.40878644292900373,25.984251968503933,17.716535433070867,13.38582677165354,92.91338582677166,49.21259842519685
48,079,01383825,0500000US48079,48079,Cochran,Cochran County,TX,Texas,06,2007453830,229068,Cochran,17.938481493323543,75.10233061019586,55384.679573291054,25.323278206449494,0.18655013812407967,0.485534148143687,0.4849252795986424,0.21840747594208068,0.33910610320667456,6.299212598425196,7.086614173228346,48.425196850393704,46.45669291338582,6.692913385826772
48,195,01383883,0500000US48195,48195,Hansford,Hansford County,TX,Texas,06,2382296646,1548341,Hansford,32.32824384460777,65.18491348952048,57077.78001377186,33.90098925502981,0.6311948468579345,0.6424516267789149,0.4452129725890184,0.5626198852251201,0.590518009817164,93.7007874015748,92.91338582677166,84.25196850393701,36.22047244094488,60.23622047244095
48,251,01383911,0500000US48251,48251,Johnson,Johnson County,TX,Texas,06,1877871517,23810470,Johnson,23.871118497567323,79.6210347426327,47765.46699916473,35.05292872641912,0.36986905530829856,0.4140373410080519,0.6636367734243525,0.6088457208296861,0.46577075119357414,49.21259842519685,41.732283464566926,32.28346456692913,79.52755905511812,67.32283464566929
48,035,01383803,0500000US48035,48035,Bosque,Bosque County,TX,Texas,06,2545883877,50838528,Bosque,25.33764102343962,76.9905969557347,60108.739670218994,34.7989522396552,0.4151847085796626,0.45565721644581647,0.37412067497173596,0.5986539741136763,0.4374605807713248,38.188976377952756,50.78740157480315,40.5511811023622,22.83464566929134,64.96062992125984
48,111,01383841,0500000US48111,48111,Dallam,Dallam County,TX,Texas,06,3893095084,5180577,Dallam,17.87625906893272,68.99783122841205,41707.83950184832,37.40390362777311,0.184627460661133,0.5821220640964032,0.8057207025118999,0.7031872917191543,0.47995047316766964,59.84251968503938,6.299212598425196,72.04724409448819,93.7007874015748,83.07086614173228
48,099,01383835,0500000US48099,48099,Coryell,Coryell County,TX,Texas,06,2725307438,11833644,Coryell,22.278086377374088,75.69802084990019,54471.36161082147,36.16961077274452,0.3206442463229173,0.476108890606909,0.5063474955852477,0.6536567217356211,0.4377255370018513,38.582677165354326,29.133858267716533,45.669291338582674,51.574803149606296,76.37795275590551
48,017,01383794,0500000US48017,48017,Bailey,Bailey County,TX,Texas,06,2141847187,1775275,Bailey,25.55461294854933,71.14686403138239,45311.87040190035,34.29590039614219,0.42188915692902823,0.5481191775743188,0.7211868035458152,0.5784671566667832,0.5352754924197483,81.10236220472441,53.54330708661418,62.59842519685039,86.61417322834646,63.38582677165354
48,023,01383797,0500000US48023,48023,Baylor,Baylor County,TX,Texas,06,2246764590,86991035,Baylor,19.245032112888488,76.13517345251248,49785.31113758273,31.649171442706766,0.22692264779451526,0.4691920811850546,0.6162605702065054,0.47225735959837206,0.4020045334744608,22.440944881889763,12.598425196850393,43.30708661417323,72.83464566929135,39.76377952755906
48,413,01383992,0500000US48413,48413,Schleicher,Schleicher County,TX,Texas,06,3394546068,87401,Schleicher,26.87849009172836,81.62130674521046,55379.18937053131,23.69519533242004,0.4627970574459337,0.38238820944386853,0.48505405436730176,0.15307462369184258,0.41215355905417866,28.346456692913385,66.92913385826772,24.803149606299215,46.85039370078739,1.968503937007874
48,429,01384000,0500000US48429,48429,Stephens,Stephens County,TX,Texas,06,2322497231,64147705,Stephens,21.996806550405974,90.86016816145352,48116.69307772838,34.14809109566293,0.31195267910438135,0.23620712002747202,0.6553986337793443,0.5725357613161753,0.3839765105374805,17.716535433070867,27.95275590551181,5.905511811023622,79.13385826771653,61.811023622047244
48,437,01384004,0500000US48437,48437,Swisher,Swisher County,TX,Texas,06,2305502705,27277988,Swisher,23.541531251033618,62.62184501173151,51923.555646161396,33.03843843581556,0.3596847852932838,0.6830055571228961,0.5661072418179045,0.5280068405644541,0.5147977136742087,75.59055118110236,38.976377952755904,89.76377952755905,62.59842519685039,52.75590551181102
48,279,01383926,0500000US48279,48279,Lamb,Lamb County,TX,Texas,06,2631897589,3973764,Lamb,21.991466938853016,96.33033374656267,63050.34247371552,33.35789418597687,0.3117876847169997,0.14965589596500473,0.3051242759160183,0.5408261851191468,0.2847193163714197,2.3622047244094486,27.559055118110237,1.1811023622047223,14.173228346456689,56.69291338582677
48,049,01383810,0500000US48049,48049,Brown,Brown County,TX,Texas,06,2446120254,32375524,Brown,34.26139092254469,55.47912200477498,50384.86504381481,25.616257120898453,0.6909292329044318,0.7960206770077722,0.6021978080549899,0.23016433945035852,0.6586338918201382,98.81889763779527,96.06299212598425,97.63779527559055,71.25984251968505,7.480314960629922
48,191,01383881,0500000US48191,48191,Hall,Hall County,TX,Texas,06,2288233615,53366403,Hall,24.93251387631033,73.48214904964416,61685.53689652114,26.594717297958688,0.40266625011329304,0.5111693314096045,0.33713630355130675,0.2694286761744495,0.4087874277959049,26.37795275590551,48.031496062992126,56.2992125984252,16.535433070866144,9.05511811023622
48,269,01383920,0500000US48269,48269,King,King County,TX,Texas,06,2359150569,6396290,King,19.711445355220498,80.88317206484577,45962.34516273905,37.26576426666452,0.24133485108346123,0.3940672818804386,0.7059296736161209,0.6976439384825261,0.4257044535689929,34.645669291338585,14.960629921259844,28.346456692913392,86.22047244094489,81.49606299212599
48,311,01383947,0500000US48311,48311,McMullen,McMullen County,TX,Texas,06,2952066567,43985124,McMullen,29.112724560515943,77.80991867735032,59238.43342332226,31.802224230716725,0.5318350658831289,0.4426935690381695,0.3945340350080383,0.4783991692967896,0.47228882099598907,53.54330708661418,82.67716535433071,37.79527559055118,25.984251968503933,42.125984251968504
48,445,01384008,0500000US48445,48445,Terry,Terry County,TX,Texas,06,2302113089,5414060,Terry,18.895781750144888,68.77300480179406,66532.54896526321,35.40750348686312,0.21613078605098465,0.5856793608770252,0.22344781422661197,0.6230743456775221,0.369153120096576,13.385826771653544,10.62992125984252,72.44094488188976,7.0866141732283445,72.44094488188976
48,451,01384011,0500000US48451,48451,Tom Green,Tom Green County,TX,Texas,06,3942790948,47251782,Tom Green,26.044317975023777,72.91877749642725,35226.84399898168,32.14159188065231,0.43702107805090845,0.5200832293116411,0.9577348872490697,0.4920175525409283,0.5715821327177626,90.15748031496062,56.69291338582677,57.8740157480315,98.81889763779527,44.881889763779526
48,483,01384027,0500000US48483,48483,Wheeler,Wheeler County,TX,Texas,06,2368629232,2455912,Wheeler,15.201649380601122,70.06999065341168,48624.83795623619,32.14878069747873,0.10198182574285981,0.5651579138928995,0.6434799047198092,0.4923060304280596,0.3882666884517815,18.89763779527559,1.574803149606299,65.74803149606299,77.16535433070865,45.66929133858268
48,493,01384032,0500000US48493,48493,Wilson,Wilson County,TX,Texas,06,2081662650,12111507,Wilson,18.359069755507846,69.10635243055789,59616.57701744432,36.69141902987999,0.1995463461760582,0.5804049967176713,0.38566453492142017,0.6745962097126742,0.39853256544127613,22.04724409448819,8.267716535433072,70.07874015748031,24.803149606299215,79.13385826771653
48,507,01384039,0500000US48507,48507,Zavala,Zavala County,TX,Texas,06,3360268878,11208707,Zavala,25.984306179345616,83.49602097021025,53375.63691165606,29.41977635891313,0.4351667091768089,0.3527257050065712,0.5320481301199169,0.38279462895959865,0.4245734840926382,33.85826771653544,56.2992125984252,19.291338582677163,54.7244094488189,26.37795275590551
48,011,01383791,0500000US48011,48011,Armstrong,Armstrong County,TX,Texas,06,2354617585,12183672,Armstrong,28.692332899977053,78.57015485965047,57969.16698697047,32.48060388470492,0.5188449328363678,0.43066479748986874,0.4243051561962766,0.5056216641774628,0.4721606100385094,53.14960629921261,78.34645669291339,34.645669291338585,31.88976377952756,47.24409448818898
48,349,01383960,0500000US48349,48349,Navarro,Navarro County,TX,Texas,06,2615116305,197615409,Navarro,25.85684140594985,68.07090404739346,50168.11850627344,29.688623556474788,0.43122803835954354,0.5967882896220663,0.6072816795349782,0.39358311799561113,0.5123423499369941,73.62204724409449,54.330708661417326,74.01574803149606,71.65354330708662,27.95275590551181
48,297,01383934,0500000US48297,48297,Live Oak,Live Oak County,TX,Texas,06,2692796909,101483818,Live Oak,24.421758588058797,83.9959987543325,55692.7182997832,29.82751886283842,0.3868838743634523,0.34481484955868125,0.47770011552400793,0.3991568063339989,0.39365370835118674,20.866141732283463,44.48818897637795,17.716535433070867,44.09448818897638,30.314960629921263
48,379,01383975,0500000US48379,48379,Rains,Rains County,TX,Texas,06,594376473,75984089,Rains,23.494481522053555,78.07299520876609,53754.58211686336,30.454139382656802,0.3582309452278514,0.43853106326720603,0.523159827944091,0.42430227435120077,0.42191389009524066,32.677165354330704,38.188976377952756,37.40157480314961,53.14960629921259,32.677165354330704
48,287,01383929,0500000US48287,48287,Lee,Lee County,TX,Texas,06,1629204758,13122562,Lee,17.607390048162863,83.1286211883896,64342.25649327846,33.110668858168566,0.17631938826151483,0.35853885642623273,0.27482194715379127,0.5309053536480554,0.28614433702803954,2.7559055118110236,5.511811023622047,20.472440944881885,9.4488188976378,53.937007874015755
48,373,01383972,0500000US48373,48373,Polk,Polk County,TX,Texas,06,2737733252,136271620,Polk,21.400778958026457,81.29628841923612,57035.3667464097,29.606256891682612,0.2935353829224691,0.387530783926877,0.44620779171167413,0.39027785066121945,0.3619427317555075,11.811023622047244,23.62204724409449,25.590551181102363,37.00787401574803,27.559055118110237
48,115,01383843,0500000US48115,48115,Dawson,Dawson County,TX,Texas,06,2331781562,4720730,Dawson,22.696806145201062,66.71004989077927,57700.821296601614,38.278780627867604,0.33358271776264314,0.6183202873637953,0.43059930519408285,0.7382949700173973,0.47887853135475217,59.4488188976378,33.85826771653544,79.92125984251969,33.07086614173228,86.61417322834646
48,033,01383802,0500000US48033,48033,Borden,Borden County,TX,Texas,06,2324366072,22297606,Borden,30.285611131094576,69.3981895980303,51704.984271020265,27.52696348890248,0.5680773466673035,0.5757874282586068,0.5712339155494731,0.3068385056280552,0.5448978008172036,83.46456692913385,88.9763779527559,68.50393700787401,63.38582677165354,12.598425196850393
48,305,01383938,0500000US48305,48305,Lynn,Lynn County,TX,Texas,06,2309924847,4169718,Lynn,26.71809144784231,82.47293605123262,51099.150207420054,31.065641779193204,0.45784072762262334,0.368913378063199,0.5854439811518112,0.4488410717065844,0.4557832078690297,44.09448818897638,64.56692913385827,22.047244094488192,66.53543307086613,36.22047244094488
48,327,01383949,0500000US48327,48327,Menard,Menard County,TX,Texas,06,2336237980,613559,Menard,16.18479922318633,81.10370265433465,51539.53449744303,29.801344708629124,0.13236122775980985,0.3905779556129779,0.575114602156055,0.39810647150337775,0.3249514453693661,5.118110236220472,3.149606299212598,27.55905511811023,64.96062992125984,29.92125984251969
48,441,01384006,0500000US48441,48441,Taylor,Taylor County,TX,Texas,06,2371228265,9760311,Taylor,26.620419846973974,74.79098406035853,58155.61713902638,39.23488942176866,0.4548226680147248,0.4904604021257244,0.4199318978216391,0.7766623747506046,0.4907198048829955,68.89763779527559,62.99212598425197,50.78740157480315,31.10236220472441,90.5511811023622
48,169,01383870,0500000US48169,48169,Garza,Garza County,TX,Texas,06,2313937114,7209242,Garza,23.074588597918417,76.17327383308782,51632.12415343789,32.98277388255787,0.3452562231724304,0.46858924119333323,0.5729428769843699,0.5257730943027795,0.445845146454124,40.15748031496063,35.43307086614173,42.51968503937008,64.1732283464567,51.181102362204726
48,417,01383994,0500000US48417,48417,Shackelford,Shackelford County,TX,Texas,06,2367989254,3268209,Shackelford,21.615389998470206,87.77664895788425,57318.1988551713,37.159222697343175,0.30016687976304507,0.28499583717628185,0.4395738583272316,0.6933685636118646,0.3628171310847354,12.992125984251967,25.590551181102363,11.41732283464567,35.03937007874016,80.31496062992126
48,433,01384002,0500000US48433,48433,Stonewall,Stonewall County,TX,Texas,06,2373238700,10177387,Stonewall,28.05838144420434,69.0842861116417,71603.2063891635,24.57219813481514,0.49925578650287705,0.5807541391491085,0.10451363906251254,0.1882676076768133,0.4136580449260673,28.74015748031496,74.80314960629921,70.4724409448819,1.5748031496062964,4.330708661417323
48,135,01383853,0500000US48135,48135,Ector,Ector County,TX,Texas,06,2325508519,10188915,Ector,30.154997612479754,80.47097381170038,61968.99762745354,33.33525132934629,0.5640413793925549,0.40058925325608796,0.330487625597645,0.5399175566762301,0.4658826085210004,49.60629921259843,87.79527559055119,29.527559055118115,15.748031496062998,56.2992125984252
48,235,01383903,0500000US48235,48235,Irion,Irion County,TX,Texas,06,2723485995,176317,Irion,29.656400595580994,72.97807347566106,52391.81174265727,36.44815397811718,0.5486346951164429,0.519145023784803,0.5551241191285667,0.6648342989782835,0.5527056389055598,85.43307086614173,85.43307086614173,57.48031496062992,59.4488188976378,77.95275590551181
48,027,01383799,0500000US48027,48027,Bell,Bell County,TX,Texas,06,2729408686,94385099,Bell,20.803912383886807,72.82318796772779,64609.711377311556,32.41141994637712,0.2750921621428283,0.5215956864005113,0.26854869235330847,0.502845402543021,0.3705098495022485,13.779527559055119,19.68503937007874,58.66141732283465,9.055118110236215,46.8503937007874
48,405,01383988,0500000US48405,48405,San Augustine,San Augustine County,TX,Texas,06,1374400363,159644688,San Augustine,23.453938120743928,85.9877685198719,51735.39701582759,37.32740187532676,0.3569781511631329,0.3133002439081086,0.5705205731925065,0.7001173757037048,0.42089718584655755,31.88976377952756,37.79527559055118,14.566929133858263,62.99212598425197,81.88976377952756
48,133,01383852,0500000US48133,48133,Eastland,Eastland County,TX,Texas,06,2399644791,14002299,Eastland,26.65631715701782,83.2541634898803,38695.003718577165,29.41355774949814,0.4559318975196409,0.3565524741684052,0.8763878978738407,0.3825450842364201,0.5028705892567881,72.44094488188976,63.77952755905512,19.685039370078737,97.24409448818898,25.984251968503933
48,117,01383845,0500000US48117,48117,Deaf Smith,Deaf Smith County,TX,Texas,06,3876750570,3926557,Deaf Smith,29.877725635611796,83.13509636000639,46935.309512660766,39.0467372009279,0.5554736550351398,0.3584364035807516,0.6831084291998488,0.7691120703767736,0.5432532759659285,83.07086614173228,87.00787401574803,20.07874015748031,83.46456692913385,88.9763779527559
48,397,01383984,0500000US48397,48397,Rockwall,Rockwall County,TX,Texas,06,329469169,56264592,Rockwall,22.60412881077355,88.05478807154329,40033.66463179316,43.49449061809625,0.33071898135291194,0.28059500499446055,0.844989103155956,0.9475946411872905,0.4802233787894232,60.23622047244095,31.496062992125985,10.629921259842522,96.85039370078741,98.81889763779527
48,021,01383796,0500000US48021,48021,Bastrop,Bastrop County,TX,Texas,06,2300500051,19009784,Bastrop,24.071705116680914,75.21003841632759,52187.89212766953,30.185807197801704,0.3760671965044046,0.48382995065336587,0.5599071303203764,0.4135344521065424,0.4489107350725011,42.125984251968504,43.30708661417323,47.637795275590555,60.629921259842526,31.88976377952756
48,031,01383801,0500000US48031,48031,Blanco,Blanco County,TX,Texas,06,1836953707,10813186,Blanco,19.46832512996986,81.81952971294965,55147.34703351642,29.77248739299614,0.2338224183479594,0.3792518436011554,0.4904920034961494,0.39694846488795155,0.3450977676075554,7.874015748031496,13.385826771653544,24.015748031496067,48.03149606299213,29.527559055118108
48,275,01383923,0500000US48275,48275,Knox,Knox County,TX,Texas,06,2203098613,12587673,Knox,19.018966879596647,71.89733243406543,68411.49849820226,39.2669223855885,0.21993721555748247,0.5362449558781348,0.17937634692106008,0.7779478160053234,0.3625184239711778,12.204724409448819,11.41732283464567,61.811023622047244,4.330708661417326,90.94488188976378
48,125,01383848,0500000US48125,48125,Dickens,Dickens County,TX,Texas,06,2335454676,9057848,Dickens,29.062629111970992,78.24166352488442,57615.4189901133,39.89786072865356,0.5302871128604597,0.43586232335550457,0.43260244838246387,0.8032665526642621,0.5097206870937542,73.22834645669292,81.10236220472441,35.82677165354331,33.85826771653543,93.30708661417323
48,069,01383820,0500000US48069,48069,Castro,Castro County,TX,Texas,06,2316600393,12557414,Castro,31.781200142854114,73.69856945632316,53247.195769529084,29.385699864233658,0.6142911564777221,0.5077450381558217,0.5350607653699349,0.38142718346427823,0.5431948454582503,82.67716535433071,91.73228346456693,55.118110236220474,55.118110236220474,25.196850393700785
48,173,01383872,0500000US48173,48173,Glasscock,Glasscock County,TX,Texas,06,2331552974,2245302,Glasscock,24.63994939209833,75.96995964992718,61635.24464946792,29.899065914520712,0.39362598616086536,0.47180616235376693,0.33831592710312286,0.4020278966396971,0.4068582182550705,25.196850393700785,46.45669291338583,44.09448818897638,17.322834645669293,30.708661417322837
48,363,01383967,0500000US48363,48363,Palo Pinto,Palo Pinto County,TX,Texas,06,2467090694,85364147,Palo Pinto,30.01766448946012,80.95157025436913,37310.91752793692,30.591076955697464,0.5597977758504069,0.39298505741487233,0.9088521595421428,0.42979740139275574,0.5665647996123286,88.18897637795276,87.4015748031496,27.952755905511808,98.4251968503937,33.46456692913386
48,243,01383907,0500000US48243,48243,Jeff Davis,Jeff Davis County,TX,Texas,06,5865172239,206206,Jeff Davis,26.80818012523817,66.81779316766527,56884.916464868526,25.277747444828613,0.46062447434081194,0.6166155286405184,0.44973665959652975,0.21658038558367915,0.4808398188061541,61.023622047244096,66.53543307086615,78.34645669291338,37.79527559055118,6.299212598425196
48,149,01383860,0500000US48149,48149,Fayette,Fayette County,TX,Texas,06,2460316901,25574662,Fayette,21.77440122697438,95.9238727568546,61166.92155109574,27.40674026757901,0.3050803383496173,0.15608708998381848,0.3493006213466451,0.30201410382329064,0.26891979698665053,1.574803149606299,27.165354330708663,1.5748031496062964,18.11023622047244,12.204724409448819
48,081,01383826,0500000US48081,48081,Coke,Coke County,TX,Texas,06,2361153198,42331832,Coke,26.80697802754207,64.93982618500299,43171.31003376127,26.97929616623966,0.4605873294341134,0.6463294995559117,0.7713944512905839,0.28486132692015714,0.5608988045905514,87.00787401574803,66.14173228346458,85.43307086614173,91.73228346456693,10.62992125984252
48,421,01383996,0500000US48421,48421,Sherman,Sherman County,TX,Texas,06,2390195607,425429,Sherman,32.690182832329846,62.85811387212268,64150.03234565543,28.161012174479357,0.6423787880410038,0.6792672134189381,0.2793306367640197,0.3322820562943233,0.5498260122243191,84.64566929133859,94.09448818897637,89.37007874015748,10.236220472440948,14.173228346456693
48,425,01383998,0500000US48425,48425,Somervell,Somervell County,TX,Texas,06,482274684,14205924,Somervell,24.820869804450243,86.58110873500068,57707.97125995532,31.826575563066093,0.3992164401301796,0.3039121694328716,0.4304316001170414,0.4793763566524555,0.38488418257058715,18.11023622047244,46.8503937007874,13.779527559055115,32.677165354330704,42.91338582677165
48,205,01383888,0500000US48205,48205,Hartley,Hartley County,TX,Texas,06,3786435508,3023183,Hartley,32.82321827907003,82.91662693962935,51677.69668879359,33.1710736626826,0.6464895930719007,0.36189311717737893,0.5718739560438387,0.5333293200391229,0.534871495594654,80.70866141732283,94.88188976377953,20.86614173228346,63.77952755905512,54.7244094488189
48,447,01384009,0500000US48447,48447,Throckmorton,Throckmorton County,TX,Texas,06,2363499444,7586186,Throckmorton,11.901274479551278,81.24119817052156,60062.25492885028,39.75250246407038,0.0,0.38840244464463136,0.37521099204706154,0.7974335142023685,0.27130628322303857,1.968503937007874,0.39370078740157477,26.37795275590551,23.22834645669292,92.1259842519685
48,463,01384017,0500000US48463,48463,Uvalde,Uvalde County,TX,Texas,06,4019458733,17382915,Uvalde,29.10951252187612,81.2834550926428,73165.54286243516,27.008229796306047,0.5317358136543165,0.3877338381321225,0.06786845003800424,0.2860223959347288,0.37119040650243706,14.566929133858267,81.88976377952756,25.984251968503933,1.1811023622047223,11.41732283464567
48,415,01383993,0500000US48415,48415,Scurry,Scurry County,TX,Texas,06,2345090474,5436957,Scurry,25.435235341190857,74.87753227153085,56454.93004046796,36.92161199238292,0.41820038013359245,0.4890910005050909,0.4598221527471408,0.6838335544745089,0.47435523820184333,55.90551181102362,51.96850393700787,49.60629921259843,40.5511811023622,79.92125984251969
48,227,01383899,0500000US48227,48227,Howard,Howard County,TX,Texas,06,2333039148,8841781,Howard,23.504963247670663,66.02745628514168,56985.76469040269,30.930055778872454,0.3585548313157708,0.6291205659268377,0.44737122657316386,0.44340018152374466,0.4659723657713669,50.0,38.582677165354326,81.88976377952756,37.40157480314961,35.826771653543304
48,399,01383985,0500000US48399,48399,Runnels,Runnels County,TX,Texas,06,2722259323,15604788,Runnels,25.45880388267751,75.75804558193727,51325.11280367805,31.752681451737836,0.4189286497886976,0.47515915445157697,0.5801439435517141,0.47641108188998393,0.4737891031502934,55.118110236220474,52.362204724409445,44.881889763779526,65.74803149606299,40.55118110236221
48,221,01383896,0500000US48221,48221,Hood,Hood County,TX,Texas,06,1089707278,41753389,Hood,15.062155426995536,68.22838288487888,48201.24504428166,35.37409746083302,0.09767145237762116,0.5942965942727698,0.6534154356336525,0.6217338052187367,0.41021402688148356,27.559055118110237,1.1811023622047243,73.62204724409449,77.95275590551181,72.04724409448819
48,291,01383931,0500000US48291,48291,Liberty,Liberty County,TX,Texas,06,3000121460,46620493,Liberty,23.90164056081244,84.7511973341775,61642.68653235397,26.386389892188507,0.37081218929413323,0.33286578504155706,0.3381413749437622,0.26106876781967836,0.3419197630008407,7.086614173228346,42.51968503937008,15.354330708661411,16.92913385826772,8.661417322834646
48,267,01383919,0500000US48267,48267,Kimble,Kimble County,TX,Texas,06,3240024038,505509,Kimble,26.78556285755873,73.52942618497862,48151.329392729065,33.912048730920255,0.4599255991159002,0.5104212930057026,0.6545862259964966,0.5630636876358212,0.5243202415109522,77.95275590551181,65.35433070866141,55.90551181102362,78.34645669291338,60.629921259842526
48,329,01383950,0500000US48329,48329,Midland,Midland County,TX,Texas,06,2331915358,4252951,Midland,32.38947022370758,66.74502803207488,55572.52989775514,32.83226104106528,0.633086746448565,0.6177668487342945,0.48051917965405977,0.5197332093608897,0.5866419100666153,93.30708661417323,93.30708661417323,79.13385826771653,44.881889763779526,48.818897637795274
48,285,01383928,0500000US48285,48285,Lavaca,Lavaca County,TX,Texas,06,2511535215,1882216,Lavaca,22.40864890863176,71.78614158347007,51178.74042587906,34.462256320040744,0.3246786380846021,0.5380042635396385,0.5835771626720347,0.5851428039390361,0.466502447224043,50.39370078740157,29.92125984251969,62.20472440944882,66.14173228346456,64.1732283464567
48,065,01383818,0500000US48065,48065,Carson,Carson County,TX,Texas,06,2383397227,10026604,Carson,20.95753198553406,79.12931454275625,58831.838605971134,33.44584321953909,0.27983901906532344,0.4218175415400801,0.40407086922596847,0.544355465665567,0.37373059049990376,15.354330708661418,20.866141732283463,33.07086614173228,28.346456692913392,57.874015748031496
48,319,01383942,0500000US48319,48319,Mason,Mason County,TX,Texas,06,2405674102,8755301,Mason,22.491214782077318,69.36275447196026,57669.29684229559,44.276500699554475,0.3272299296107113,0.5763480974903608,0.4313387231150635,0.9789756905952106,0.48796171477392647,68.11023622047244,30.708661417322837,68.89763779527559,33.46456692913385,99.21259842519686
48,093,01383832,0500000US48093,48093,Comanche,Comanche County,TX,Texas,06,2428768926,25719485,Comanche,29.57701058851037,66.77779604433569,63300.31955406319,28.81130007874342,0.5461815380935164,0.6172483796811845,0.29926096956821713,0.3583772657256784,0.4993370496279732,70.86614173228347,84.64566929133859,78.74015748031495,12.992125984251967,18.89763779527559
48,009,01383790,0500000US48009,48009,Archer,Archer County,TX,Texas,06,2339508191,57767717,Archer,26.643755548298422,77.43687211491913,50919.86880916202,29.345015224990913,0.45554374289179417,0.44859606615792924,0.5896490937124788,0.37979456170595094,0.4727055919171873,53.937007874015755,63.38582677165354,38.582677165354326,66.9291338582677,24.409448818897637
48,163,01383867,0500000US48163,48163,Frio,Frio County,TX,Texas,06,2935753503,2193621,Frio,22.351198981164806,77.44966571108722,52841.00051765303,28.88429736787618,0.32290343112553477,0.44839364058391673,0.5445882276295114,0.3613065521776481,0.40872776536905603,25.590551181102363,29.527559055118108,38.188976377952756,58.26771653543308,20.078740157480315
48,143,01383857,0500000US48143,48143,Erath,Erath County,TX,Texas,06,2805419712,17166727,Erath,27.56633716556678,69.9305682462887,47169.89027374154,29.222614404198726,0.4840515823181268,0.5673639129272027,0.6776062493055801,0.37488277566134254,0.5368393342326618,81.49606299212599,71.25984251968504,66.14173228346456,82.67716535433071,22.83464566929134
48,211,01383891,0500000US48211,48211,Hemphill,Hemphill County,TX,Texas,06,2347270018,15205586,Hemphill,25.4853877467402,70.28961694381677,51445.65391939111,28.81306436346741,0.4197500931318617,0.5616828958198441,0.5773166063896493,0.35844806418135805,0.48771303369476354,67.71653543307087,52.75590551181102,64.56692913385827,65.35433070866141,19.291338582677163
48,459,01384015,0500000US48459,48459,Upshur,Upshur County,TX,Texas,06,1509910836,24878112,Upshur,29.843224952664446,77.32049937357637,58018.40394435882,37.94508265553776,0.554407581409617,0.45043736383969213,0.42315028486007256,0.7249041035755239,0.5140147090453214,75.19685039370079,86.61417322834646,38.976377952755904,31.496062992125985,85.43307086614173
48,189,01383880,0500000US48189,48189,Hale,Hale County,TX,Texas,06,2602109423,246678,Hale,21.489734530613237,60.51915658502676,61055.90893316281,39.102521239949276,0.29628411661921233,0.7162751637411477,0.35190446401296815,0.7713506114470357,0.48091214971732643,61.417322834645674,24.803149606299215,94.09448818897637,18.503937007874015,89.37007874015748
48,249,01383910,0500000US48249,48249,Jim Wells,Jim Wells County,TX,Texas,06,2240795374,8723372,Jim Wells,23.361689267011158,60.92536225623445,47622.677406578994,29.14626853125262,0.35412765483819686,0.7098480094773265,0.666985956971274,0.37181911488788416,0.5251845676615199,79.13385826771653,36.61417322834646,92.51968503937007,80.31496062992126,21.25984251968504
48,317,01383941,0500000US48317,48317,Martin,Martin County,TX,Texas,06,2369724590,1931832,Martin,23.039459234339212,67.81555778747564,61956.847360845284,27.838222134478855,0.3441707232694186,0.6008284838377262,0.330772614666373,0.3193289110167692,0.41600424849403683,30.708661417322837,35.039370078740156,75.19685039370079,16.14173228346457,12.992125984251967
48,151,01383861,0500000US48151,48151,Fisher,Fisher County,TX,Texas,06,2328272103,7258480,Fisher,17.682425259339407,72.86552848288153,65845.1028704396,34.35707778193202,0.17863798177292195,0.5209257572444421,0.2395721206868061,0.5809221257415274,0.3337395565940154,5.511811023622047,5.905511811023622,58.26771653543308,7.480314960629919,63.77952755905512
48,495,01384033,0500000US48495,48495,Winkler,Winkler County,TX,Texas,06,2178876165,19838,Winkler,26.48060138532288,78.10907565598005,58307.479225789604,29.238884778595143,0.45050226732715426,0.4379601834972059,0.41636991551481806,0.37553568466459636,0.43241651354944677,37.00787401574803,61.417322834645674,37.00787401574803,29.92125984251969,23.62204724409449
48,063,01383817,0500000US48063,48063,Camp,Camp County,TX,Texas,06,507242364,19129375,Camp,26.305276360899448,89.75356216949552,70014.36650046453,35.164659088777555,0.44508471125392585,0.2537162980712869,0.14178047565445895,0.6133293152291303,0.3438378005767612,7.480314960629922,60.23622047244095,8.267716535433067,2.3622047244094446,68.89763779527559
48,359,01383965,0500000US48359,48359,Oldham,Oldham County,TX,Texas,06,3886337114,2339716,Oldham,25.025567283212304,83.5765962320202,48809.686407171415,33.0146151042565,0.40554160718998084,0.35145080986303323,0.6391442148467922,0.5270508411950828,0.4481858129237691,41.338582677165356,48.4251968503937,18.89763779527559,75.59055118110236,52.362204724409445
48,263,01383917,0500000US48263,48263,Kent,Kent County,TX,Texas,06,2337482031,1065195,Kent,23.827064333124266,73.40061470036574,45042.76237350867,24.42127942501384,0.3685077784060745,0.5124594016320481,0.7274988334683934,0.1822114357665703,0.4648618421223799,48.031496062992126,40.55118110236221,56.69291338582677,87.4015748031496,3.937007874015748
48,265,01383918,0500000US48265,48265,Kerr,Kerr County,TX,Texas,06,2857617599,10231764,Kerr,17.92314628974793,74.80983792097311,40770.23800876577,39.737526006650306,0.18607627921238998,0.4901620885392147,0.8277124978335066,0.7968325284076859,0.4667048906541903,50.78740157480315,6.692913385826772,50.39370078740157,95.66929133858267,91.73228346456693
48,435,01384003,0500000US48435,48435,Sutton,Sutton County,TX,Texas,06,3765674775,1277066,Sutton,22.896773386173205,64.97470635362191,66968.35449191346,40.97938836547761,0.3397617201288939,0.6457776110906537,0.2132258318462218,0.8466668527523622,0.4569498230232343,44.881889763779526,34.645669291338585,85.03937007874016,6.69291338582677,94.88188976377953
48,185,01383878,0500000US48185,48185,Grimes,Grimes County,TX,Texas,06,2039528004,36609847,Grimes,23.286427417366152,74.8148686400761,60234.925250832464,28.93605654757807,0.35180205818154403,0.4900824904192852,0.37116094476453887,0.3633835808682625,0.3983161174381372,21.653543307086615,35.826771653543304,50.0,22.44094488188977,20.47244094488189
48,003,01383787,0500000US48003,48003,Andrews,Andrews County,TX,Texas,06,3886758047,1049250,Andrews,20.988613653891903,72.11341361079862,54555.32263271636,30.061492200320078,0.2807994448900558,0.5328260300609666,0.5043781582685646,0.4085458526362621,0.4138978038916515,29.133858267716533,21.25984251968504,61.417322834645674,50.78740157480315,31.496062992125985
48,313,01383939,0500000US48313,48313,Madison,Madison County,TX,Texas,06,1207103458,16493254,Madison,24.193571441669953,78.22718560338089,57239.74901055856,33.429326953624525,0.3798328748565826,0.4360913990221392,0.44141392890995124,0.5436926893548922,0.4254126243667543,34.25196850393701,43.7007874015748,36.22047244094488,35.43307086614173,57.48031496062992
48,037,01383804,0500000US48037,48037,Bowie,Bowie County,TX,Texas,06,2291982021,98385599,Bowie,27.020254284072692,66.72769056447677,45996.087621612984,33.67228394993513,0.4671775813541837,0.6180411693228421,0.7051382315645904,0.5534422382238862,0.5686552534738328,89.37007874015748,67.71653543307087,79.52755905511812,85.43307086614173,58.26771653543307
48,485,01384028,0500000US48485,48485,Wichita,Wichita County,TX,Texas,06,1625458309,13645835,Wichita,34.43092950605265,80.19346514241172,74566.01583693462,35.29272136336415,0.6961679875303077,0.40498011028613157,0.035019830196992285,0.6184682880651311,0.4688120229438741,51.574803149606296,96.8503937007874,30.314960629921263,0.7874015748031482,71.65354330708661
48,419,01383995,0500000US48419,48419,Shelby,Shelby County,TX,Texas,06,2060566466,101081677,Shelby,25.872889064159196,90.32738913002578,56033.76945580182,42.05102269383175,0.4317239121715053,0.2446369703871053,0.4697006325104943,0.889670147214495,0.4289877972082821,35.43307086614173,55.118110236220474,6.69291338582677,41.73228346456693,97.63779527559055
48,015,01383793,0500000US48015,48015,Austin,Austin County,TX,Texas,06,1674415879,25596214,Austin,26.28775195361382,73.91239851543142,55875.15835683914,31.11526386252975,0.44454320578753737,0.5043617462758967,0.47342091543437737,0.4508323414943145,0.4688932234340909,51.96850393700787,59.4488188976378,53.54330708661416,42.91338582677165,36.61417322834646
48,121,01383847,0500000US48121,48121,Denton,Denton County,TX,Texas,06,2275817772,188973111,Denton,24.627770421169163,79.01711722098942,60806.13299118954,28.00851377730773,0.3932496550687126,0.42359277400505047,0.3577630525846207,0.3261624935805693,0.3885465541039812,19.291338582677163,45.66929133858268,33.46456692913385,20.07874015748031,13.779527559055119
48,499,01384035,0500000US48499,48499,Wood,Wood County,TX,Texas,06,1671172293,130731064,Wood,15.406143923504793,81.90143991711112,58848.07385389371,25.103403859927365,0.10830072206979954,0.37795582644718095,0.4036900653855917,0.20958420384451543,0.258403470223644,1.1811023622047243,1.968503937007874,23.22834645669292,27.952755905511808,5.511811023622047
48,225,01383898,0500000US48225,48225,Houston,Houston County,TX,Texas,06,3188268195,14446047,Houston,24.867430622753915,70.98779528114164,56791.07219423305,28.345349800290403,0.4006551728199657,0.5506360291813162,0.4519378122260288,0.3396792859215019,0.44980836891973713,42.51968503937008,47.63779527559055,62.99212598425197,38.188976377952756,14.566929133858267
48,479,01384025,0500000US48479,48479,Webb,Webb County,TX,Texas,06,8706187276,36554554,Webb,25.301151049705133,77.24092481810416,48676.204356437505,31.834365135631014,0.4140571657233743,0.45169642539334864,0.6422750865022941,0.4796889420875058,0.4775557054165638,58.26771653543307,50.0,39.370078740157474,76.77165354330708,43.30708661417323
48,155,01383863,0500000US48155,48155,Foard,Foard County,TX,Texas,06,1824378631,8514741,Foard,37.316210562426434,75.12592400781794,58771.746857087965,40.97278931758894,0.7853233831239073,0.48516084364088685,0.4054803437753437,0.8464020415270984,0.6254138792496076,97.24409448818898,99.21259842519686,48.03149606299213,29.13385826771654,94.48818897637796
48,365,01383968,0500000US48365,48365,Panola,Panola County,TX,Texas,06,2101400900,25810623,Panola,24.038195176094387,75.97676098548831,70056.19597180028,29.411943504819142,0.3750317368902676,0.47169854880735473,0.1407993496869624,0.38248030669297256,0.3579301600050032,9.84251968503937,42.91338582677165,43.7007874015748,1.9685039370078705,25.590551181102363
48,055,01383813,0500000US48055,48055,Caldwell,Caldwell County,TX,Texas,06,1410355147,4949867,Caldwell,26.507736711668063,67.26990216144533,65763.36036923982,33.11893975819449,0.45134075089516634,0.6094620730069567,0.24148942176698218,0.5312372541292839,0.4647965320264784,47.63779527559055,62.20472440944882,77.16535433070865,7.874015748031493,54.330708661417326
48,013,01383792,0500000US48013,48013,Atascosa,Atascosa County,TX,Texas,06,3158599705,4992623,Atascosa,24.826441151473784,75.24510174258943,67745.49301311518,31.91788551963624,0.3993885951605451,0.4832751641920703,0.19499775582362988,0.48304050667622456,0.3920415891541875,20.47244094488189,47.24409448818898,47.24409448818898,5.511811023622048,43.7007874015748
48,085,01383828,0500000US48085,48085,Collin,Collin County,TX,Texas,06,2178871854,115507424,Collin,19.15660981190234,79.9799829124545,50910.27458855052,37.94196636724042,0.22419039222922063,0.4083579144916718,0.5898741297619252,0.7247790509715398,0.40263626228872884,22.83464566929134,12.204724409448819,31.496062992125985,67.32283464566929,85.03937007874016
48,101,01383836,0500000US48101,48101,Cottle,Cottle County,TX,Texas,06,2332448732,2723997,Cottle,30.714114072575104,89.51143607795042,47083.161437931354,44.63466212936811,0.5813181188882014,0.2575473173109488,0.6796405067376455,0.9933482438288398,0.5450543684789783,83.85826771653542,90.5511811023622,8.661417322834641,83.07086614173228,99.60629921259843
48,105,01383838,0500000US48105,48105,Crockett,Crockett County,TX,Texas,06,7270935061,53329,Crockett,28.759665163433873,84.59270826085206,53993.70463920281,29.345656135398396,0.5209255047000495,0.33537346476046437,0.517551119332945,0.37982028060860984,0.45047449323560906,42.91338582677165,78.74015748031496,16.14173228346457,52.362204724409445,24.803149606299215
48,491,01384031,0500000US48491,48491,Williamson,Williamson County,TX,Texas,06,2890005224,41559490,Williamson,28.955159735215233,96.53182457511556,55445.799298309554,29.55280278740889,0.5269663012612947,0.1464678246758857,0.48349169348275367,0.38813280684779206,0.39023848728861354,19.68503937007874,80.70866141732283,0.7874015748031482,45.669291338582674,27.165354330708663
48,217,01383894,0500000US48217,48217,Hill,Hill County,TX,Texas,06,2483430145,69544766,Hill,20.453062726026303,67.3265243711195,63753.53214776759,37.22080438534536,0.26425088206325603,0.6085661729688001,0.2886306978894112,0.6958397568095485,0.41558031997477957,30.314960629921263,17.322834645669293,76.77165354330708,11.41732283464567,80.70866141732283
48,057,01383814,0500000US48057,48057,Calhoun,Calhoun County,TX,Texas,06,1312945541,1361646236,Calhoun,32.013971554680495,83.72320636720679,41460.282962281446,35.409457448131555,0.6214838101217813,0.3491310836202105,0.8115272341661756,0.623152755606703,0.5779535715286811,91.73228346456693,92.1259842519685,18.503937007874015,94.48818897637796,72.83464566929135
48,123,01383844,0500000US48123,48123,DeWitt,DeWitt County,TX,Texas,06,2354237965,3919919,DeWitt,17.990744686038596,76.83342005738352,67236.40255568491,41.23353662868017,0.18816507460009535,0.45814413438915425,0.20693866379209014,0.8568654926338644,0.33978355217858885,6.692913385826772,7.480314960629922,40.944881889763785,5.905511811023622,96.8503937007874
48,089,01383830,0500000US48089,48089,Colorado,Colorado County,TX,Texas,06,2487142712,34691168,Colorado,27.934285469001352,96.89802933217672,53735.93681136808,34.91964092662982,0.4954212117960717,0.14067358143260567,0.5235971605904086,0.6034970544507803,0.40543969671137015,23.62204724409449,74.40944881889764,0.3937007874015741,53.54330708661416,66.14173228346458
48,453,01384012,0500000US48453,48453,Travis,Travis County,TX,Texas,06,2575210710,79595808,Travis,35.952278129049894,66.91701714644849,51584.95144042064,30.203539546064704,0.743177771211335,0.6150455657780752,0.5740493306932155,0.4142460282232109,0.6380192471789208,98.03149606299213,98.4251968503937,77.95275590551181,64.56692913385827,32.28346456692913
48,347,01383959,0500000US48347,48347,Nacogdoches,Nacogdoches County,TX,Texas,06,2450966942,89731149,Nacogdoches,20.04731837434656,66.60278157819224,46903.16499791866,34.95327415346155,0.25171335193115174,0.6200175310053401,0.6838623908713437,0.6048467121827961,0.48394774946661107,64.56692913385827,15.748031496062993,80.31496062992126,83.85826771653544,66.53543307086615
48,025,01383798,0500000US48025,48025,Bee,Bee County,TX,Texas,06,2279809489,246409,Bee,22.16851135198614,69.00607354555977,41761.146625073845,37.54351790291454,0.3172583700270673,0.5819916507428864,0.8044703639066304,0.7087898313412705,0.5332738991491459,80.31496062992126,28.346456692913385,71.65354330708662,93.30708661417323,83.46456692913385
48,369,01383970,0500000US48369,48369,Parmer,Parmer County,TX,Texas,06,2281317978,11355762,Parmer,25.498256825438204,53.76104275690193,61585.364671695315,36.10241090598682,0.42014774860452736,0.8232048380036534,0.33948588072405295,0.6509600783176787,0.5480137348194855,84.25196850393701,53.14960629921261,98.81889763779527,17.716535433070867,75.98425196850394
48,177,01383874,0500000US48177,48177,Gonzales,Gonzales County,TX,Texas,06,2762704899,8204086,Gonzales,22.482621729419005,69.74244978319238,55586.54373750723,34.53637015553649,0.32696440365530527,0.5703404011150663,0.48019047977701024,0.5881168959471154,0.45673766734675564,44.48818897637795,30.314960629921263,66.9291338582677,44.48818897637795,64.56692913385827
48,295,01383933,0500000US48295,48295,Lipscomb,Lipscomb County,TX,Texas,06,2414422645,298741,Lipscomb,17.246682844669337,67.40867338446301,44680.31280207157,37.33337344794577,0.16517350930116714,0.6072663772771012,0.7360002243559471,0.7003570071609498,0.4654850624908816,48.818897637795274,4.724409448818897,76.37795275590551,88.9763779527559,82.28346456692913
48,345,01383958,0500000US48345,48345,Motley,Motley County,TX,Texas,06,2562963900,644140,Motley,25.342814874030136,76.50393786476208,44639.36982349107,37.84647795222836,0.4153445809411855,0.46335733801790735,0.7369605573027718,0.720947224834734,0.5246318677258742,78.34645669291339,51.181102362204726,41.338582677165356,89.37007874015748,84.64566929133859
48,043,01383807,0500000US48043,48043,Brewster,Brewster County,TX,Texas,06,16015872748,22061017,Brewster,19.688481431369475,78.4175597577716,52313.72240567897,38.91079495518763,0.2406252641575025,0.43307922035295465,0.5569557338692608,0.7636568845277063,0.41393070699551016,29.527559055118108,14.566929133858267,35.03937007874016,59.84251968503938,88.18897637795276
48,199,01383885,0500000US48199,48199,Hardin,Hardin County,TX,Texas,06,2306581582,18001144,Hardin,27.36796215317591,93.76170839215887,68352.17220231514,35.24354943794821,0.4779217799314501,0.19029774951085165,0.18076786748279594,0.6164950825303855,0.34606111857543326,8.267716535433072,69.29133858267717,3.149606299212604,4.7244094488189,70.86614173228347
48,091,01383831,0500000US48091,48091,Comal,Comal County,TX,Texas,06,1449171191,39766830,Comal,20.402878828830985,84.5042383818605,52923.26918909116,31.164409598415727,0.2627001959708238,0.3367732718047378,0.5426585850286879,0.4528044960772203,0.3599242265432105,11.023622047244094,16.92913385826772,16.92913385826772,57.48031496062992,37.00787401574803
48,083,01383827,0500000US48083,48083,Coleman,Coleman County,TX,Texas,06,3270933224,47963343,Coleman,32.7496720250877,69.23096344337597,42974.856375055155,32.733568432166614,0.6442170084466567,0.578433349694695,0.776002345672494,0.5157728030829164,0.6379945577298617,97.63779527559055,94.48818897637796,69.68503937007874,92.1259842519685,48.4251968503937
48,277,01383925,0500000US48277,48277,Lamar,Lamar County,TX,Texas,06,2349976646,66748711,Lamar,21.083733538318814,66.01585328651642,53034.05548731244,38.03254483254179,0.28373865627335065,0.6293041533737234,0.5400600507762404,0.7284138472002732,0.4831401033967327,63.77952755905512,22.04724409448819,82.28346456692913,56.69291338582677,86.22047244094489
48,007,01383789,0500000US48007,48007,Aransas,Aransas County,TX,Texas,06,652854900,714540086,Aransas,23.38969241897162,79.91919171506505,52818.21144201863,27.91532164506382,0.3549929542811705,0.40931977797905916,0.5451227539614529,0.32242281429034547,0.4060599473275111,24.409448818897637,37.00787401574803,31.88976377952756,58.66141732283465,13.385826771653544
48,161,01383866,0500000US48161,48161,Freestone,Freestone County,TX,Texas,06,2273311866,36936963,Freestone,29.067586086848348,61.797667929793576,33424.90685646742,33.84336654436451,0.5304402837465894,0.6960460280512615,1.0,0.5603075606486462,0.6770206779788789,100.0,81.49606299212599,90.94488188976378,99.60629921259843,59.4488188976378
48,075,01383823,0500000US48075,48075,Childress,Childress County,TX,Texas,06,1803954626,44560655,Childress,18.845678417830225,93.31458765854353,54565.641067857505,30.033305938363196,0.21458258941925498,0.1973722788273793,0.5041361354952034,0.4074147745337341,0.2866134239683299,3.149606299212598,10.236220472440944,3.543307086614178,50.39370078740157,31.10236220472441
48,259,01383915,0500000US48259,48259,Kendall,Kendall County,TX,Texas,06,1715747613,1496797,Kendall,26.137299673020646,86.79440120721287,53152.52375833058,32.143724114674086,0.4398942193171857,0.3005373676529166,0.5372813329653612,0.49210311632427745,0.4227854762482492,33.46456692913386,57.874015748031496,12.598425196850393,55.51181102362205,45.2755905511811
48,497,01384034,0500000US48497,48497,Wise,Wise County,TX,Texas,06,2342372276,47035843,Wise,31.53571377141214,70.30824347895295,60569.650918507345,38.39225931303649,0.606705609651912,0.561388179071147,0.3633098284569136,0.7428487223416516,0.5580455355076568,86.22047244094489,91.33858267716536,64.1732283464567,22.047244094488192,87.00787401574803
48,247,01383909,0500000US48247,48247,Jim Hogg,Jim Hogg County,TX,Texas,06,2942674729,92565,Jim Hogg,16.96258382719386,57.868654709091224,69791.64875956276,32.95549534009952,0.15639482888983403,0.7582125015004595,0.1470044039529298,0.5246784418053776,0.3718904069771952,14.960629921259844,4.330708661417323,96.85039370078741,2.7559055118110187,50.0
48,271,01383921,0500000US48271,48271,Kinney,Kinney County,TX,Texas,06,3523765249,11885327,Kinney,25.92316929266152,88.53872374165412,64012.52023638206,32.23218274078074,0.4332775749083671,0.2729379745145053,0.282556034956849,0.49565284615798166,0.36126891392486643,11.41732283464567,55.51181102362205,10.236220472440948,10.629921259842522,46.06299212598425
48,113,01383842,0500000US48113,48113,Dallas,Dallas County,TX,Texas,06,2261577252,91947122,Dallas,26.299413971242117,73.85460154747382,52848.890475561355,25.200719295100406,0.44490356298489725,0.5052762338258616,0.5444031657021402,0.213489345928648,0.4597738630750102,45.2755905511811,59.84251968503938,54.33070866141732,57.8740157480315,5.905511811023622
48,257,01383914,0500000US48257,48257,Kaufman,Kaufman County,TX,Texas,06,2021981825,69470378,Kaufman,28.90911435888655,87.37816311973462,46147.792730066634,35.731267830136105,0.5255434957662212,0.29130084504611586,0.7015799312430048,0.6360665884806157,0.5015302969169858,71.25984251968504,79.92125984251969,12.204724409448819,84.64566929133859,74.80314960629921
48,253,01383912,0500000US48253,48253,Jones,Jones County,TX,Texas,06,2405076785,22097342,Jones,18.81524644560959,59.05572341205633,75586.87842599888,35.22742090570538,0.2136422392526635,0.7394302091384953,0.011075114583991352,0.6158478654686237,0.3710857679062746,14.173228346456693,9.84251968503937,95.66929133858267,0.3937007874015741,70.47244094488188
48,029,01383800,0500000US48029,48029,Bexar,Bexar County,TX,Texas,06,3212426728,40788666,Bexar,18.397716934578618,69.00624977046228,55473.74747211591,42.8162736165273,0.20074054683495754,0.5819888624395372,0.482836158564671,0.9203786733370555,0.4434979765124839,39.76377952755906,8.661417322834646,71.25984251968505,45.2755905511811,98.4251968503937
48,187,01383879,0500000US48187,48187,Guadalupe,Guadalupe County,TX,Texas,06,1842133804,9159633,Guadalupe,27.60970782808449,75.05243699718183,55111.43433530357,30.461108825234994,0.4853917389608847,0.4863235855404304,0.49133434932683595,0.4245819490345298,0.4807788360153032,60.629921259842526,72.83464566929135,48.818897637795274,48.425196850393704,33.07086614173229
48,355,01383963,0500000US48355,48355,Nueces,Nueces County,TX,Texas,06,2173636003,845192062,Nueces,26.48492336616593,75.46980593764742,54806.99930311997,33.0957516383197,0.4506358168511976,0.479719801409784,0.4984749873973846,0.5303067449802065,0.4768959391409118,57.08661417322835,61.811023622047244,46.45669291338582,48.818897637795274,53.54330708661418
48,241,01383906,0500000US48241,48241,Jasper,Jasper County,TX,Texas,06,2431105359,80399907,Jasper,26.252464251729382,70.49934528520757,56584.67808614284,33.246918418553776,0.4434528132193173,0.5583644871929867,0.4567788635833412,0.5363728716348859,0.4898835313257797,68.50393700787401,59.055118110236215,63.77952755905512,38.976377952755904,55.90551181102362
48,281,01383927,0500000US48281,48281,Lampasas,Lampasas County,TX,Texas,06,1845440046,2749903,Lampasas,26.732241047484877,81.22849932347499,53845.11670460846,39.887266398817374,0.4582779512860989,0.38860337105882514,0.5210363051703908,0.8028414159608921,0.4843835944622545,65.35433070866141,64.96062992125984,26.77165354330708,52.75590551181102,92.91338582677166
48,171,01383871,0500000US48171,48171,Gillespie,Gillespie County,TX,Texas,06,2740731344,9000570,Gillespie,21.599876392107547,64.32379570617405,50410.703944958106,31.523522338065238,0.2996875081921921,0.6560765887752169,0.601591746919773,0.46721522413962685,0.48373785170735917,64.1732283464567,25.196850393700785,87.4015748031496,70.07874015748031,38.188976377952756
48,095,01383833,0500000US48095,48095,Concho,Concho County,TX,Texas,06,2547914005,25740025,Concho,26.161268485805017,73.57620514978707,50625.12847007686,33.3951076288517,0.44063485738465535,0.5096811368620626,0.5965623391136474,0.5423195122733393,0.5027027030625444,72.04724409448819,58.26771653543307,55.51181102362205,69.68503937007874,57.08661417322835
48,337,01383954,0500000US48337,48337,Montague,Montague County,TX,Texas,06,2411034611,19087359,Montague,26.465362366493405,76.20295631711899,54737.97383827201,35.0394825485827,0.45003138053115255,0.4681195926450139,0.5000940056115348,0.6083061431681737,0.4812978454450896,61.811023622047244,61.023622047244096,42.125984251968504,49.21259842519685,66.92913385826772
48,465,01384018,0500000US48465,48465,Val Verde,Val Verde County,TX,Texas,06,8144863966,227711025,Val Verde,21.42824290986816,80.14438834058748,50652.60183092988,32.93304561578179,0.29438402104235056,0.4057566237581409,0.595917941111795,0.5237775635114623,0.4110419401178877,27.95275590551181,24.409448818897637,30.708661417322837,68.89763779527559,49.60629921259843
48,505,01384038,0500000US48505,48505,Zapata,Zapata County,TX,Texas,06,2585876042,154371160,Zapata,34.328872555723784,82.11614878088889,49297.23373858268,29.767831927247357,0.6930144203034526,0.3745586139336119,0.6277086089938819,0.39676164709091366,0.5547912388093325,85.8267716535433,96.45669291338582,22.83464566929134,74.01574803149606,28.74015748031496
48,307,01383945,0500000US48307,48307,McCulloch,McCulloch County,TX,Texas,06,2759893532,20286193,McCulloch,27.36916460455894,63.75357908162131,55851.441821535176,32.970449964491536,0.4779589357671006,0.6650987922291958,0.4739771956813592,0.5252785514689867,0.5380365062587695,82.28346456692913,69.68503937007874,88.18897637795276,43.30708661417323,50.39370078740157
48,473,01384022,0500000US48473,48473,Waller,Waller County,TX,Texas,06,1329431896,11827973,Waller,19.043482513986756,59.65885829264378,52960.182260633155,37.36815874929886,0.22069475045254924,0.7298871594122278,0.5417927750656785,0.7017528961479501,0.4857778926326187,66.53543307086615,11.811023622047244,95.2755905511811,57.08661417322835,82.67716535433071
48,041,01383806,0500000US48041,48041,Brazos,Brazos County,TX,Texas,06,1518090939,13210254,Brazos,28.28276804316915,87.7767682189851,67031.94390866152,26.8674235029447,0.5061893488164746,0.2849939501777804,0.21173431818283583,0.2803720221688573,0.35835799043337685,10.62992125984252,76.77165354330708,11.023622047244096,6.299212598425196,9.84251968503937
48,051,01383811,0500000US48051,48051,Burleson,Burleson County,TX,Texas,06,1707015413,46043534,Burleson,20.126591648863393,78.32314011979592,33792.2415328559,32.66484837073438,0.2541629019096314,0.4345731669465598,0.9913840271402461,0.5130151562261152,0.48161543189848127,62.20472440944882,16.141732283464567,35.43307086614173,99.21259842519686,48.031496062992126
48,197,01383884,0500000US48197,48197,Hardeman,Hardeman County,TX,Texas,06,1800337387,4548860,Hardeman,28.93542301871226,67.51513463443446,63732.05481537969,28.499395925304135,0.5263564352783415,0.6055819033143144,0.2891344567906219,0.3458609569443873,0.48463013215819406,66.14173228346458,80.31496062992126,75.59055118110236,11.811023622047244,15.748031496062993
48,457,01384014,0500000US48457,48457,Tyler,Tyler County,TX,Texas,06,2394158673,29093514,Tyler,30.79297789503702,90.51151975522524,64968.68153998103,37.97523314462421,0.5837550167682479,0.24172357942106526,0.2601289123057783,0.7261140035629137,0.4306562633510658,36.22047244094488,90.94488188976378,6.299212598425196,8.661417322834641,85.8267716535433
48,469,01384020,0500000US48469,48469,Victoria,Victoria County,TX,Texas,06,2284593984,17476842,Victoria,20.89658840824145,76.15674634292859,38412.8781407348,24.384065476081126,0.277955858071212,0.46885074598358234,0.8830052593100955,0.18071808830493188,0.44651042771607186,40.55118110236221,20.078740157480315,42.91338582677165,97.63779527559055,3.543307086614173
48,471,01384021,0500000US48471,48471,Walker,Walker County,TX,Texas,06,2031126329,44745757,Walker,29.81688064622161,86.79297184063826,52258.49924735721,29.205390763642058,0.5535935404144211,0.30055998368249415,0.5582510137976577,0.37419161332455375,0.46067477536250356,45.66929133858268,86.22047244094489,12.992125984251967,60.23622047244095,22.440944881889763
48,477,01384024,0500000US48477,48477,Washington,Washington County,TX,Texas,06,1564855487,45471320,Washington,27.06390463468249,75.67518481410109,52028.47307203367,33.8860593753226,0.468526380379436,0.47647021181746374,0.5636463641716167,0.5620207685335902,0.4992829653846959,70.47244094488188,68.50393700787401,46.062992125984245,61.811023622047244,59.84251968503938
48,339,01383955,0500000US48339,48339,Montgomery,Montgomery County,TX,Texas,06,2699052575,90064391,Montgomery,29.11030079997245,95.60747924881987,43739.90644225743,39.827620146171704,0.5317601715051266,0.16109319902745867,0.7580578088806648,0.8004478892715932,0.4926883790135805,69.29133858267717,82.28346456692913,1.9685039370078705,90.94488188976378,92.51968503937007
48,411,01383991,0500000US48411,48411,San Saba,San Saba County,TX,Texas,06,2940447162,8300211,San Saba,34.48396491326974,92.55340842443204,48777.466499272996,31.67124869463506,0.6978067854908953,0.20941597173178095,0.6398999448930973,0.4731432910588221,0.5172418238003941,75.98425196850394,97.24409448818898,3.937007874015752,75.98425196850394,40.15748031496063
48,475,01384023,0500000US48475,48475,Ward,Ward County,TX,Texas,06,2164201058,624206,Ward,23.773059419985646,72.51035851520926,46115.39323627337,29.22400236653401,0.36683902264162815,0.5265454034825638,0.7023398735439526,0.37493847278808373,0.4826610520890193,63.38582677165354,39.76377952755906,59.4488188976378,85.03937007874016,23.228346456692915
48,487,01384029,0500000US48487,48487,Wilbarger,Wilbarger County,TX,Texas,06,2514738100,18202665,Wilbarger,21.23131917821255,84.71570950954356,69018.16354738898,41.40578534720295,0.2882990633365009,0.33342728809180167,0.1651467902395498,0.8637776101046966,0.3347549308205205,5.905511811023622,22.83464566929134,15.748031496062998,3.543307086614178,97.24409448818898
48,481,01384026,0500000US48481,48481,Wharton,Wharton County,TX,Texas,06,2813095079,21310003,Wharton,20.552427851872384,81.45375949585147,62485.42714517969,24.75993049791878,0.26732127171678566,0.38503921137327923,0.31837457721231166,0.19580106370468894,0.3056952939116293,4.330708661417323,18.11023622047244,25.196850393700785,14.960629921259837,4.724409448818897
48,395,01383983,0500000US48395,48395,Robertson,Robertson County,TX,Texas,06,2214840334,27332985,Robertson,20.920948575172808,88.68631557532349,65172.44075995327,21.00597021689959,0.27870858901043666,0.2706027154319499,0.2553496632393253,0.04515951080505917,0.24825013396213064,0.7874015748031495,20.47244094488189,9.4488188976378,8.267716535433067,0.7874015748031495
48,489,01384030,0500000US48489,48489,Willacy,Willacy County,TX,Texas,06,1529680708,502856285,Willacy,24.614491452929478,65.35076539419896,60773.37651234588,34.200072250266665,0.3928393339792407,0.6398274492947651,0.3585313681040616,0.5746216975714457,0.4782524117580827,58.661417322834644,45.2755905511811,83.85826771653544,20.472440944881885,62.20472440944882
48,261,01383916,0500000US48261,48261,Kenedy,Kenedy County,TX,Texas,06,3777657843,1261927310,Kenedy,26.70575987408322,81.8605145999844,45967.585830262164,29.489728878236946,0.4574596810918688,0.3786033637542974,0.7058067517901989,0.3856017327516825,0.47628640519624477,56.69291338582677,64.1732283464567,23.62204724409449,85.8267716535433,26.77165354330709
48,409,01383990,0500000US48409,48409,San Patricio,San Patricio County,TX,Texas,06,1795693481,37532483,San Patricio,26.383453996650097,85.58424486849587,50803.83786976181,26.893835914346433,0.44750040591442497,0.3196849621440293,0.5923706429944385,0.281431917951319,0.42152297140299844,32.28346456692913,60.629921259842526,14.960629921259837,68.11023622047244,10.236220472440944
48,321,01383943,0500000US48321,48321,Matagorda,Matagorda County,TX,Texas,06,2831173987,1345214023,Matagorda,29.13591624518012,57.41260513576886,58914.996489823345,35.541782236496765,0.5325516906348664,0.7654283066145984,0.40212036981385335,0.6284627775872866,0.5859195199598255,92.91338582677166,83.07086614173228,97.24409448818898,27.55905511811023,74.01574803149606
48,229,01383900,0500000US48229,48229,Hudspeth,Hudspeth County,TX,Texas,06,11837584063,2114586,Hudspeth,25.065009459389536,63.16741487334225,45222.97752886444,33.219003568855996,0.40676037331759446,0.6743733249538111,0.7232718192841414,0.5352526849539838,0.5631957791654079,87.79527559055119,48.818897637795274,88.58267716535433,87.00787401574803,55.51181102362205
48,273,01383922,0500000US48273,48273,Kleberg,Kleberg County,TX,Texas,06,2282572444,541041659,Kleberg,32.26767038578659,54.607678222398995,60703.987441379104,29.179606846316357,0.6293231225516506,0.8098090212347894,0.36015891483635276,0.373156938193488,0.6040194321777165,95.2755905511811,92.51968503937007,98.03149606299213,20.86614173228346,21.653543307086615
48,333,01383952,0500000US48333,48333,Mills,Mills County,TX,Texas,06,1937892798,4023558,Mills,23.67671583381022,72.30593165555442,53077.39681473492,25.59847800664553,0.3638619987848357,0.5297799298710406,0.5390434636561535,0.22945088667522331,0.4352325598739995,37.40157480314961,39.37007874015748,60.629921259842526,56.2992125984252,7.086614173228346
48,315,01383940,0500000US48315,48315,Marion,Marion County,TX,Texas,06,986530318,102099491,Marion,38.600845832948096,82.17542255795962,52001.43353960322,36.36228664140072,0.8250187069066078,0.37362075969858777,0.5642805865648078,0.6613885542239434,0.6210886834075753,96.45669291338582,99.60629921259843,22.44094488188977,62.20472440944882,77.16535433070865
48,371,01383971,0500000US48371,48371,Pecos,Pecos County,TX,Texas,06,12338274936,2532275,Pecos,28.12833673882503,90.02357052096028,60687.67974562793,35.251005889793305,0.5014174102213002,0.2494441141743351,0.3605414179677713,0.6167943002633876,0.4091879119607136,26.77165354330709,75.19685039370079,7.480314960629919,21.259842519685034,71.25984251968504
48,203,01383887,0500000US48203,48203,Harrison,Harrison County,TX,Texas,06,2331141019,40649337,Harrison,20.714212217918586,75.74094780419775,58554.10649188832,31.504120681103085,0.27232042045615906,0.47542968256797113,0.4105851803189102,0.46643666083186297,0.38031777509982334,16.92913385826772,18.89763779527559,45.2755905511811,29.527559055118115,37.40157480314961
48,141,01383855,0500000US48141,48141,El Paso,El Paso County,TX,Texas,06,2624928792,4638585,El Paso,19.64553750969444,91.28615545571292,52112.27067344736,41.23318498023833,0.23929829383798348,0.22946697273584782,0.5616808599437249,0.8568513814383832,0.36258071948853104,12.598425196850393,14.173228346456693,5.511811023622048,61.023622047244096,96.45669291338582
48,381,01383976,0500000US48381,48381,Randall,Randall County,TX,Texas,06,2363909286,25203162,Randall,27.412362076215928,61.198985417851084,64274.63842691398,26.649576168369236,0.4792937407995997,0.7055186305579333,0.27640795430768506,0.2716300914293602,0.48581768549169285,66.92913385826772,70.07874015748031,91.33858267716536,9.842519685039374,9.448818897637794
48,385,01383978,0500000US48385,48385,Real,Real County,TX,Texas,06,1810812879,2346259,Real,23.882686073370746,57.96617560644845,46351.49337920082,24.372374145376305,0.3702264942463649,0.7566694854972666,0.6968020559775661,0.18024893038076784,0.5324767475813159,79.92125984251969,42.125984251968504,96.45669291338582,84.25196850393701,3.149606299212598
48,467,01384019,0500000US48467,48467,Van Zandt,Van Zandt County,TX,Texas,06,2182250324,44149754,Van Zandt,28.57000247046046,74.44452301103381,59927.48485555411,28.540459650593778,0.5150649136203563,0.49594225225301314,0.3783720747557324,0.34750879093366865,0.4652339351685599,48.4251968503937,77.95275590551181,51.574803149606296,23.62204724409449,16.141732283464567
48,301,01383936,0500000US48301,48301,Loving,Loving County,TX,Texas,06,1732230053,19981167,Loving,27.366188122867726,78.84065448939307,59744.81006374707,31.77206991822251,0.47786696226522246,0.4263848403846582,0.3826567806371509,0.4771891158810097,0.4433125047370176,39.37007874015748,68.89763779527559,33.85826771653543,24.409448818897637,41.338582677165356
48,403,01383987,0500000US48403,48403,Sabine,Sabine County,TX,Texas,06,1273523416,219936062,Sabine,24.635855436715637,74.67305251905907,52523.62848548808,33.21669724661346,0.39349948264021867,0.49232636378561034,0.5520323078956673,0.535160135236327,0.46902017729453677,52.362204724409445,46.06299212598425,51.181102362204726,59.05511811023623,55.118110236220474
48,423,01383997,0500000US48423,48423,Smith,Smith County,TX,Texas,06,2386604748,73163264,Smith,20.766031409657977,54.325578999601234,57609.06417793695,30.79381971071835,0.2739216372695645,0.8142725119025458,0.4327515028898645,0.43793320496263355,0.48419402955282576,64.96062992125984,19.291338582677163,98.4251968503937,34.251968503937,35.039370078740156
48,231,01383901,0500000US48231,48231,Hunt,Hunt County,TX,Texas,06,2176679797,107761746,Hunt,17.425763876570677,74.10879960487212,44991.09138891758,33.76027698257148,0.170707126280076,0.501254206945722,0.7287107958272172,0.5569732843960342,0.4200986002007938,31.496062992125985,5.118110236220472,52.75590551181102,87.79527559055119,59.055118110236215
48,201,01383886,0500000US48201,48201,Harris,Harris County,TX,Texas,06,4421152651,182185468,Harris,22.767425239664895,61.95530499495147,62392.21615365521,25.74230287904778,0.3357648529447518,0.6935518291582387,0.3205608760423093,0.2352223920994587,0.43000590434378005,35.826771653543304,34.25196850393701,90.5511811023622,15.354330708661411,7.874015748031496
48,309,01383946,0500000US48309,48309,McLennan,McLennan County,TX,Texas,06,2685015343,61002370,McLennan,29.28199397161736,81.69672548830039,53520.78290845609,39.2188230203663,0.5370655030619628,0.3811949028738709,0.5286436762267364,0.776017650918816,0.5125151724241752,74.40944881889764,83.85826771653542,24.409448818897637,54.33070866141732,90.15748031496062
48,239,01383905,0500000US48239,48239,Jackson,Jackson County,TX,Texas,06,2148246693,71039573,Jackson,26.07046872065102,78.66598246096848,50818.21583584768,31.589244108037157,0.43782913800275064,0.42914857351748636,0.5920334023974105,0.4698525534523372,0.469268163081062,52.75590551181102,57.08661417322835,34.251968503937,67.71653543307087,38.976377952755904
48,061,01383816,0500000US48061,48061,Cameron,Cameron County,TX,Texas,06,2309542672,1004829810,Cameron,18.771306106440058,65.60120213672644,63392.073806695116,37.58647915794064,0.21228447955971352,0.6358649354953702,0.29710883909631036,0.7105138107356107,0.4061464213653196,24.803149606299215,9.448818897637794,83.07086614173228,12.598425196850393,83.85826771653542
48,183,01383877,0500000US48183,48183,Gregg,Gregg County,TX,Texas,06,708052151,6206460,Gregg,25.86590462925591,69.86133082663306,49365.25047565793,33.71362673188852,0.43150809262234047,0.5684594160392904,0.6261132508686675,0.5551012703948283,0.5238738390739397,77.55905511811024,54.7244094488189,66.53543307086613,73.62204724409449,58.661417322834644
48,159,01383865,0500000US48159,48159,Franklin,Franklin County,TX,Texas,06,736569934,26875120,Franklin,26.926586898644185,64.40786478111049,43732.30962909152,34.28376609576892,0.46428325229613615,0.6547464130742555,0.7582359949879542,0.5779802229448623,0.5915824461328082,94.09448818897637,67.32283464566929,87.00787401574803,91.33858267716536,62.99212598425197
48,001,01383786,0500000US48001,48001,Anderson,Anderson County,TX,Texas,06,2752164827,39845046,Anderson,20.580712818994336,74.37320902726829,42546.96661180877,34.84883640116102,0.2681952792688537,0.4970706116219651,0.7860386608479188,0.6006557607581244,0.4736726034395272,54.7244094488189,18.503937007874015,52.362204724409445,92.51968503937007,65.35433070866141
48,401,01383986,0500000US48401,48401,Rusk,Rusk County,TX,Texas,06,2393663216,37217198,Rusk,25.76862552972764,84.55142320501238,59848.07961076512,34.23854280008658,0.42850216133454694,0.3360266940023978,0.38023455460857525,0.5761654707954397,0.4058723307357972,24.015748031496063,53.937007874015755,16.535433070866144,24.015748031496067,62.59842519685039
48,157,01383864,0500000US48157,48157,Fort Bend,Fort Bend County,TX,Texas,06,2231981778,60805734,Fort Bend,25.29104359223,65.14273953664457,44756.565180029735,35.21361379933772,0.4137448445484058,0.6431189205176819,0.7342116961793029,0.6152938042136896,0.5668053336318966,88.58267716535433,49.60629921259843,84.64566929133859,88.58267716535433,70.07874015748031
48,361,01383966,0500000US48361,48361,Orange,Orange County,TX,Texas,06,864501045,118360262,Orange,19.285148510846884,80.04046515517844,69038.35345587492,38.64576265066216,0.22816224742446123,0.4074009394128826,0.16467322834970566,0.7530214821969587,0.3217219746832863,4.724409448818897,12.992125984251967,31.10236220472441,3.149606299212604,87.79527559055119
48,427,01383999,0500000US48427,48427,Starr,Starr County,TX,Texas,06,3168019232,15386852,Starr,26.788936801741418,69.69742381627559,38344.564736930224,32.98260584850735,0.46002985423782455,0.5710528206004752,0.8846075758649181,0.5257663513144641,0.5848259381797024,92.51968503937007,65.74803149606299,67.32283464566929,98.03149606299213,50.78740157480315
48,443,01384007,0500000US48443,48443,Terrell,Terrell County,TX,Texas,06,6107081791,259482,Terrell,27.80392263184117,67.07127167737656,68571.65094632031,35.54501878794256,0.49139299059659963,0.612604886741713,0.17561991107357966,0.6285926561952995,0.4783219100953996,59.055118110236215,73.62204724409449,77.55905511811024,3.937007874015752,74.40944881889764
48,053,01383812,0500000US48053,48053,Burnet,Burnet County,TX,Texas,06,2576520284,69861743,Burnet,30.415256215876383,73.92969640045442,56688.13973762095,31.551321528563868,0.5720833892658066,0.5040880519792362,0.454352131672472,0.4683307695670093,0.5177632745912888,76.37795275590551,89.37007874015748,53.14960629921259,38.582677165354326,38.582677165354326
48,335,01383953,0500000US48335,48335,Mitchell,Mitchell County,TX,Texas,06,2359720442,12480258,Mitchell,30.269010260174515,64.64757677580626,54226.29510503686,39.200586077247365,0.5675643785421334,0.6509535906741708,0.5120956225615366,0.7752858260656152,0.6022595357379734,94.88188976377953,88.58267716535433,86.22047244094489,51.96850393700787,89.76377952755905
48,353,01383962,0500000US48353,48353,Nolan,Nolan County,TX,Texas,06,2362061742,5052159,Nolan,18.111653160214544,69.46350694652818,50640.6473055284,28.61803848970365,0.19190115529211743,0.574753950134947,0.596198338996969,0.3506219290387124,0.4034885078605961,23.228346456692915,7.874015748031496,68.11023622047244,69.29133858267717,17.716535433070867
48,389,01383980,0500000US48389,48389,Reeves,Reeves County,TX,Texas,06,6825534318,17396672,Reeves,20.310874800424386,63.021221074111516,58193.088914816566,41.004702164554075,0.2598572647663663,0.6766864637568133,0.4190529832405566,0.8476826626483669,0.47552770794653854,56.2992125984252,16.535433070866144,88.9763779527559,30.708661417322837,95.66929133858267
48,077,01383824,0500000US48077,48077,Clay,Clay County,TX,Texas,06,2819871856,72506820,Clay,27.5751763360433,94.6472513291639,54698.922380601216,31.799210246778284,0.48432471333210986,0.17628632262346455,0.5010099722246883,0.47827822203392245,0.39464559876821326,21.25984251968504,72.04724409448819,2.3622047244094446,49.60629921259843,41.732283464566926
48,351,01383961,0500000US48351,48351,Newton,Newton County,TX,Texas,06,2418212546,15672146,Newton,27.568929754561044,75.35263551971728,63826.41505613217,24.84612448940976,0.4841316935076016,0.48157372026068146,0.28692120188815406,0.19925991669108586,0.4154350255279845,29.92125984251969,71.65354330708661,46.85039370078739,11.023622047244096,5.118110236220472
48,039,01383805,0500000US48039,48039,Brazoria,Brazoria County,TX,Texas,06,3530854198,635541938,Brazoria,27.575238431530238,68.00274492007415,55913.821189296315,32.64052207455395,0.48432663208719623,0.597866731546489,0.47251406417163433,0.5120389735394082,0.5187973824870928,76.77165354330708,72.44094488188976,74.40944881889764,42.51968503937008,47.63779527559055
48,097,01383834,0500000US48097,48097,Cooke,Cooke County,TX,Texas,06,2265789888,61319327,Cooke,44.26365745327361,77.13979910734221,56202.41409169502,28.594741712625595,1.0,0.4532964782463116,0.46574500920783,0.3496870596171207,0.6641066512771716,99.21259842519686,100.0,39.76377952755905,41.338582677165356,17.322834645669293
48,431,01384001,0500000US48431,48431,Sterling,Sterling County,TX,Texas,06,2391722770,167451,Sterling,27.854452553465833,73.8767195030917,52091.10230228915,36.20321774494362,0.4929543688691975,0.5049262743771571,0.5621773720432017,0.6550053259033117,0.5265956368597977,79.52755905511812,74.01574803149606,53.93700787401574,61.417322834645674,76.77165354330708
48,293,01383932,0500000US48293,48293,Limestone,Limestone County,TX,Texas,06,2345053180,71830221,Limestone,30.677828200902994,72.79030400466777,54544.435010231464,28.736880103488044,0.5801968828005631,0.5221159900751602,0.504633531544944,0.35539088872645813,0.5251793453244079,78.74015748031496,90.15748031496062,59.05511811023623,51.181102362204726,18.11023622047244
48,175,01383873,0500000US48175,48175,Goliad,Goliad County,TX,Texas,06,2206698612,19050015,Goliad,29.770008817466014,81.14166700043425,57462.41415113647,29.769082833926102,0.5521451974789318,0.3899772680150383,0.43619123437184104,0.39681184435207584,0.46477069070565996,47.24409448818898,85.8267716535433,27.16535433070866,34.645669291338585,29.133858267716533
48,377,01383974,0500000US48377,48377,Presidio,Presidio County,TX,Texas,06,9985057446,1773188,Presidio,28.25695625652899,82.57507710047305,41318.652858746995,22.552296345272346,0.5053917627221156,0.3672972601045673,0.8148492214617241,0.10721157098405,0.48603688451096627,67.32283464566929,76.37795275590551,21.653543307086608,95.2755905511811,1.574803149606299
48,367,01383969,0500000US48367,48367,Parker,Parker County,TX,Texas,06,2340620308,16513787,Parker,23.42365377679827,69.69498852389472,44214.5166231543,29.738468403754617,0.3560423627210319,0.5710913528045256,0.7469256487541709,0.39558332701120563,0.5026878133817252,71.65354330708661,37.40157480314961,67.71653543307087,89.76377952755905,28.346456692913385
48,407,01383989,0500000US48407,48407,San Jacinto,San Jacinto County,TX,Texas,06,1474332269,151949232,San Jacinto,28.794846102466337,69.2418175935532,60946.11275218172,19.88060336685522,0.5220125982883379,0.5782616108379126,0.3544797746935131,0.0,0.45317947750541154,43.7007874015748,79.13385826771653,69.29133858267717,19.685039370078737,0.39370078740157477
48,167,01383869,0500000US48167,48167,Galveston,Galveston County,TX,Texas,06,982670091,1280836456,Galveston,21.13587392731214,72.24948302848355,56366.92350502354,24.080485882571384,0.2853497981053864,0.5306730834133994,0.4618863791042197,0.1685358333071433,0.38257270341773264,17.322834645669293,22.440944881889763,61.023622047244096,40.944881889763785,2.3622047244094486
48,387,01383979,0500000US48387,48387,Red River,Red River County,TX,Texas,06,2703677244,33255080,Red River,23.815906966299956,51.980788352644154,53528.133309178564,35.80207328072149,0.3681630149554544,0.8513727600589844,0.5284712698158965,0.6389079192969994,0.5722620798927563,90.5511811023622,40.15748031496063,99.21259842519686,53.93700787401574,75.19685039370079
48,107,01383839,0500000US48107,48107,Crosby,Crosby County,TX,Texas,06,2331503444,3873557,Crosby,22.573182260854484,59.84808937801448,55147.47146452314,35.92900079325416,0.3297627306978167,0.7268930668542095,0.4904890849201321,0.6440013556048598,0.512470964879902,74.01574803149606,31.10236220472441,94.48818897637796,47.637795275590555,75.59055118110236
48,449,01384010,0500000US48449,48449,Titus,Titus County,TX,Texas,06,1052317453,50093989,Titus,25.409370696931614,88.66874267444524,57780.65364289337,34.12728780892483,0.4174011607349392,0.27088076114330484,0.42872680751501047,0.5717009524250187,0.39114014938247116,20.078740157480315,51.574803149606296,9.842519685039374,32.28346456692913,61.417322834645674
48,165,01383868,0500000US48165,48165,Gaines,Gaines County,TX,Texas,06,3891102467,1262946,Gaines,36.573292833367546,91.44967713501283,50681.922557525104,27.165119284353935,0.7623671709790191,0.22687966504214918,0.5952302124523163,0.2923181674250827,0.521288627137224,77.16535433070865,98.81889763779527,4.7244094488189,68.50393700787401,11.811023622047244
48,289,01383930,0500000US48289,48289,Leon,Leon County,TX,Texas,06,2779462026,19328383,Leon,15.66367403704126,72.50963960443622,48773.562196781495,31.7614432192901,0.11625842140688408,0.5265567783863818,0.6399915217750671,0.47676268024782814,0.38014497445846446,16.535433070866144,2.7559055118110236,59.84251968503938,76.37795275590551,40.94488188976378
48,215,01383893,0500000US48215,48215,Hidalgo,Hidalgo County,TX,Texas,06,4069375491,30138614,Hidalgo,28.43130095187257,80.76556963055766,56566.762040781454,31.981987304547157,0.5107790265551017,0.39592803627296913,0.45719909115920065,0.4856128280914093,0.46309112254491247,46.45669291338583,77.55905511811024,28.740157480314966,39.370078740157474,44.09448818897638
48,323,01383944,0500000US48323,48323,Maverick,Maverick County,TX,Texas,06,3313828190,31862966,Maverick,16.936420644051744,78.11250154543536,47173.017779079746,26.208176554037287,0.15558638461787294,0.4379059776562223,0.6775328924927204,0.2539172979060867,0.3545046554331686,9.448818897637794,3.937007874015748,36.61417322834646,82.28346456692913,8.267716535433072
48,357,01383964,0500000US48357,48357,Ochiltree,Ochiltree County,TX,Texas,06,2376792063,1331778,Ochiltree,22.640340671052833,105.78880808455239,58266.02204571578,39.51699150883575,0.3318379304831008,0.0,0.4173423092508788,0.7879827652957264,0.29500191057298875,3.543307086614173,32.28346456692913,0.0,30.314960629921263,91.33858267716536
48,139,01383856,0500000US48139,48139,Ellis,Ellis County,TX,Texas,06,2423462949,41944384,Ellis,30.444752984836832,86.19574911434577,41379.331166097276,36.386811452878355,0.5729948415832827,0.3100094888563868,0.813425988963105,0.6623727030718257,0.5511232513900328,85.03937007874016,89.76377952755905,14.173228346456689,94.88188976377953,77.55905511811024
48,213,01383892,0500000US48213,48213,Henderson,Henderson County,TX,Texas,06,2263061906,193353703,Henderson,25.321400095477316,73.72082408519233,63233.24509860515,30.89517913085168,0.4146828627182039,0.5073929162063644,0.3008342261240401,0.44200062691355135,0.422457927865354,33.07086614173229,50.39370078740157,54.7244094488189,13.38582677165354,35.43307086614173
48,067,01383819,0500000US48067,48067,Cass,Cass County,TX,Texas,06,2426683491,60494144,Cass,19.61127611035347,65.44459559399574,58780.77985930434,32.134429194972654,0.2382396140933927,0.6383428290360028,0.40526847131423116,0.4917301232627949,0.4170254009372837,31.10236220472441,13.779527559055119,83.46456692913385,28.740157480314966,44.48818897637795
48,127,01383849,0500000US48127,48127,Dimmit,Dimmit County,TX,Texas,06,3441795903,14575999,Dimmit,21.42348145370016,58.93553679742428,57048.237874511,33.04191403973776,0.2942368916986348,0.7413318515020547,0.4459058945657648,0.528146312038021,0.4820901222470254,62.59842519685039,24.015748031496063,96.06299212598425,36.61417322834646,53.14960629921261
48,119,01383846,0500000US48119,48119,Delta,Delta County,TX,Texas,06,665192724,54647564,Delta,28.39798874467338,77.03463635867223,62861.52787156411,21.791325657878545,0.5097496769170903,0.4549604067840396,0.309552993356082,0.07667480514779076,0.40996607198804347,27.165354330708663,77.16535433070865,40.15748031496062,14.566929133858263,1.1811023622047243
48,325,01383948,0500000US48325,48325,Medina,Medina County,TX,Texas,06,3432668368,23757602,Medina,21.34816684141432,67.43649254715697,68323.7955557006,30.764113087397014,0.2919096646725226,0.6068262109702329,0.18143345239159203,0.43674111673219673,0.378772531311617,15.748031496062993,23.228346456692915,75.98425196850394,5.118110236220474,34.645669291338585
48,137,01383854,0500000US48137,48137,Edwards,Edwards County,TX,Texas,06,5485263220,5196312,Edwards,26.082292947909874,60.77746290402326,63114.96052014505,28.590078760011007,0.4381945074895543,0.7121881342455367,0.3036086353569487,0.34949994138187707,0.48460596447906024,65.74803149606299,57.48031496062992,92.91338582677166,13.779527559055115,16.92913385826772
48,223,01383897,0500000US48223,48223,Hopkins,Hopkins County,TX,Texas,06,1987637219,65631763,Hopkins,25.22785919951907,68.53427115757474,40273.00614934684,26.991899950525422,0.4117924421940355,0.5894567034109192,0.8393752579297732,0.28536710042202906,0.5379657495290475,81.88976377952756,49.21259842519685,72.83464566929135,96.45669291338582,11.023622047244094
48,331,01383951,0500000US48331,48331,Milam,Milam County,TX,Texas,06,2632349434,11831398,Milam,21.741998261970913,64.18451996385605,44763.384266114386,30.594498535570224,0.3040790843619311,0.6582802672182693,0.7340517519529333,0.4299347049513493,0.5089195347959748,72.83464566929135,26.77165354330709,87.79527559055119,88.18897637795276,33.85826771653544
48,019,01383795,0500000US48019,48019,Bandera,Bandera County,TX,Texas,06,2048663920,17291422,Bandera,35.719720446626624,91.87141635072564,50001.45137843457,40.988432634247616,0.7359917218214583,0.2202067326076259,0.6111909196431845,0.8470297875173474,0.5673998711912427,88.9763779527559,98.03149606299213,4.330708661417326,72.44094488188976,95.2755905511811
48,087,01383829,0500000US48087,48087,Collingsworth,Collingsworth County,TX,Texas,06,2378750408,2278703,Collingsworth,28.169595111590056,83.81639756949451,55208.72840168667,35.20421430633505,0.5026922969562643,0.3476565738445261,0.4890522804418246,0.6149166147613793,0.4646760085003664,46.8503937007874,75.59055118110236,18.11023622047244,47.24409448818898,69.68503937007874
48,005,01383788,0500000US48005,48005,Angelina,Angelina County,TX,Texas,06,2066460810,173300091,Angelina,14.874287066711965,74.92027358683383,59141.27216375298,29.144105051086015,0.09186630630923313,0.4884147297231638,0.3968129888593297,0.37173229723730516,0.2998067689362388,3.937007874015748,0.7874015748031495,49.21259842519685,26.37795275590551,20.866141732283463
48,219,01383895,0500000US48219,48219,Hockley,Hockley County,TX,Texas,06,2352723967,446119,Hockley,25.93227157384714,89.79944138890026,49194.04949477228,34.86291390678079,0.4335588360624981,0.2529903780718411,0.6301288342036699,0.6012206727840288,0.43546848196568844,37.79527559055118,55.90551181102362,7.874015748031493,74.40944881889764,65.74803149606299
48,455,01384013,0500000US48455,48455,Trinity,Trinity County,TX,Texas,06,1796920725,52260791,Trinity,21.69106767615806,75.77368307647619,56494.134115816625,38.99677718293001,0.3025053255366243,0.47491173154041355,0.45890260642900715,0.7671072397097715,0.4319668949335524,36.61417322834646,25.984251968503933,44.48818897637795,39.76377952755905,88.58267716535433
48,391,01383981,0500000US48391,48391,Refugio,Refugio County,TX,Texas,06,1995545557,123688759,Refugio,29.26216667398112,66.38715798671737,48956.93654117342,36.62316841456384,0.5364528381153691,0.6234292167191506,0.6356904076249151,0.6718574011191033,0.5959337218987862,94.48818897637796,83.46456692913385,80.70866141732283,74.80314960629921,78.74015748031496
48,129,01383850,0500000US48129,48129,Donley,Donley County,TX,Texas,06,2401014207,15563758,Donley,21.037396307836495,90.23124077269657,50107.857576064416,32.29815184960087,0.2823068324635915,0.24615826949386221,0.6086951222959207,0.49830010085758936,0.35833924837853837,10.236220472440944,21.653543307086615,7.0866141732283445,72.04724409448819,46.45669291338583
48,343,01383957,0500000US48343,48343,Morris,Morris County,TX,Texas,06,652649023,17382447,Morris,24.426317792665504,80.38910043684659,43746.711225214225,28.76531611147213,0.38702475411913684,0.4018846876815121,0.7578982001395334,0.35653198881285175,0.4626081468613002,46.06299212598425,44.881889763779526,29.92125984251969,90.5511811023622,18.503937007874015
48,181,01383876,0500000US48181,48181,Grayson,Grayson County,TX,Texas,06,2416024350,120093895,Grayson,27.524936394902287,64.62753845673544,47614.134031112764,35.49111656806795,0.4827722954776581,0.6512706452526382,0.6671863450529859,0.6264296300845268,0.5845703437859044,92.1259842519685,70.86614173228347,86.61417322834646,80.70866141732283,73.22834645669292
48,147,01383859,0500000US48147,48147,Fannin,Fannin County,TX,Texas,06,2307251053,20847065,Fannin,29.328775970850607,73.09661321916391,44186.52315506933,33.96742692710875,0.538511070258644,0.5172694388979119,0.7475822460665776,0.5652859427600415,0.5766303032621509,91.33858267716536,84.25196850393701,57.08661417322835,90.15748031496062,61.023622047244096
48,237,01383904,0500000US48237,48237,Jack,Jack County,TX,Texas,06,2359405672,23704614,Jack,18.998517964721117,66.24381746615242,47193.01397618134,36.47596610013866,0.2193053425927464,0.6256972097660924,0.6770638741761827,0.665950363330891,0.47743911113525195,57.874015748031496,11.023622047244094,81.49606299212599,81.49606299212599,78.34645669291339
48,439,01384005,0500000US48439,48439,Tarrant,Tarrant County,TX,Texas,06,2240985247,99783487,Tarrant,23.327493820795258,61.172002690356635,63429.13437286272,35.175859008409844,0.3530710130499927,0.7059455624408632,0.2962395695914366,0.6137787534648755,0.47363786321703094,54.330708661417326,36.22047244094488,91.73228346456693,12.204724409448819,69.29133858267717
48,245,01383908,0500000US48245,48245,Jefferson,Jefferson County,TX,Texas,06,2270732118,611205490,Jefferson,22.62527344419522,84.26177547531641,47404.80888934446,37.247763576596675,0.3313723520715898,0.34060962027072594,0.6720961449065466,0.6969215941575754,0.4388432153069206,38.976377952755904,31.88976377952756,17.322834645669293,81.10236220472441,81.10236220472441
48,045,01383808,0500000US48045,48045,Briscoe,Briscoe County,TX,Texas,06,2330991073,4068657,Briscoe,21.73335383713144,94.0941664047013,76059.05651869913,29.32382394219716,0.30381197100237123,0.1850374612275768,0.0,0.3789441830367553,0.21493044507289708,0.39370078740157477,26.37795275590551,2.7559055118110187,0.0,24.015748031496063
48,393,01383982,0500000US48393,48393,Roberts,Roberts County,TX,Texas,06,2393298442,346846,Roberts,33.82727120140548,61.01432426180859,58946.543207047114,38.58697032817163,0.6775149017814206,0.7084404158025659,0.40138042970777177,0.7506622226162623,0.6388803936565186,98.4251968503937,95.66929133858267,92.1259842519685,27.16535433070866,87.4015748031496
48,103,01383837,0500000US48103,48103,Crane,Crane County,TX,Texas,06,2033319687,1695980,Crane,27.024908554804778,80.62969236690572,56478.68898955899,32.987998023462,0.467321398660093,0.39807794257989126,0.4592648776688465,0.5259827322955796,0.4508031910013318,43.30708661417323,68.11023622047244,29.13385826771654,40.15748031496062,51.574803149606296
48,209,01383890,0500000US48209,48209,Hays,Hays County,TX,Texas,06,1753038621,5043724,Hays,18.695580228324772,68.49357430878173,48133.13775855029,42.37630436312632,0.20994454438940258,0.5901006257974934,0.6550129176116196,0.9027232783411289,0.48228291685144586,62.99212598425197,9.05511811023622,73.22834645669292,78.74015748031495,98.03149606299213
48,073,01383822,0500000US48073,48073,Cherokee,Cherokee County,TX,Texas,06,2727140662,23874005,Cherokee,29.58930973527388,70.12874616235304,60602.47903527193,28.55406090955216,0.5465615826277368,0.5642282599107364,0.36253983264311973,0.34805459179928794,0.4952065367328684,69.68503937007874,85.03937007874016,65.35433070866141,21.653543307086608,16.535433070866144
48,299,01383935,0500000US48299,48299,Llano,Llano County,TX,Texas,06,2419217897,82338677,Llano,35.610780985063165,69.07606075761132,50394.89739009781,40.67981901582625,0.732625484494253,0.5808842841051616,0.6019624956032937,0.8346455236347399,0.6711725305133824,99.60629921259843,97.63779527559055,70.86614173228347,70.4724409448819,93.7007874015748
48,071,01383821,0500000US48071,48071,Chambers,Chambers County,TX,Texas,06,1546471871,709790251,Chambers,30.162326302755734,66.36009230320184,55976.07851716289,32.98955391731324,0.5642678364579053,0.6238574611665826,0.47105379515349266,0.5260451682960569,0.5596796487934411,86.61417322834646,88.18897637795276,81.10236220472441,42.125984251968504,51.96850393700787
